epoch,train_loss,val_loss,best_val_loss,best_epoch,train_score_mse,train_score_nmse,train_score_cos,train_score_corr,train_target_energy,train_pred_energy,val_score_mse,val_score_nmse,val_score_cos,val_score_corr,val_target_energy,val_pred_energy
1,0.38550094114994454,0.18105648228215637,0.18105648228215637,1,149.67220189853305,0.5489358783455156,0.8929220345358995,0.7862982964410208,271.9867300102846,48.31200489395469,86.15716926794742,0.3109265514944543,0.9302726812472127,0.8655711550185885,276.18766221556683,105.79980296014641
2,0.1472932342935334,0.12533008022321915,0.12533008022321915,2,65.01155899942094,0.23637637406387388,0.9350433295399067,0.8883106214331216,273.9757153776018,147.8998112593885,52.2808743552271,0.1912774215124391,0.9387184599696222,0.904755720489746,272.82481917152455,175.79681502161293
3,0.11890787843856333,0.1114437225120709,0.1114437225120709,3,48.32198349349886,0.17608075715653124,0.9408032675750186,0.9103460697065417,273.3241306098873,194.17873703420466,45.29730954244133,0.16560577021461154,0.9430177531711069,0.9151438351048894,274.1156362526459,199.7111808772365
4,0.10898190781142868,0.10494978041076557,0.10494978041076557,4,43.21767968607988,0.15749805583744986,0.944007497785965,0.918405460365948,274.1520538538429,214.84444966644116,41.12448022373522,0.15087880896708067,0.9457857847237133,0.9219994323614277,272.9343019350384,211.56341256659383
5,0.10486274139285315,0.10296162183650316,0.10296162183650316,5,41.22075007171606,0.15050422116594003,0.9457236507691732,0.921800599075938,273.3060104859325,222.84735540941833,42.26891502970126,0.1510165759572591,0.9464016716012961,0.9214773448584289,279.7646656391876,221.51315259119565
6,0.10291858046280054,0.1004610220012371,0.1004610220012371,6,40.76825125807461,0.14797902518031936,0.9467365459244934,0.923165069942791,274.80473440296237,227.75425281061078,40.352954010928826,0.1442870753496587,0.9477416380424231,0.9251200450806845,278.97083351774404,223.2437308679872
7,0.10045113703482689,0.0986451103564148,0.0986451103564148,7,39.65470354968921,0.1443966248415476,0.9478907713143138,0.9249807655853631,273.63827805906374,229.28401504192408,39.12270407875964,0.1425532359371869,0.9488461952432128,0.9262004823621076,272.0447272648174,215.66479736771188
8,0.09884603579231924,0.09584168475417265,0.09584168475417265,8,38.943394747613276,0.14202912581651253,0.9486759667277004,0.9262286747209665,273.7565180794807,231.14444906255682,37.06187250961714,0.13776067243105106,0.9503161481532111,0.9288068944411065,269.9846517897036,216.3999360106799
9,0.09728998016909696,0.09643777999979435,0.09584168475417265,8,38.16188108954778,0.1395449022461803,0.9494131575661293,0.9275076189608373,273.37271740349956,232.2270578943509,38.312160902825994,0.13911429024488758,0.9498982073420142,0.9278348681621278,274.5044359099007,222.34038840225216
10,0.09662766434670185,0.09440362648166861,0.09440362648166861,10,38.184893413462234,0.13911805251713263,0.9497690626766129,0.9277593818287228,273.97323715940854,233.1263398263552,37.106035020366846,0.13731513786326444,0.9507500500521848,0.9285047255545615,270.53116465915247,225.92488777709985
11,0.09595697715766986,0.09313474833520927,0.09313474833520927,11,37.784073335765406,0.13803897895937478,0.950131272042336,0.9283324571327494,273.2155465847088,233.08319564686823,36.5281783581622,0.135976276154527,0.9514112110953717,0.929183403171463,266.4107514415649,222.5939370720953
12,0.09540534299441783,0.09268486346301785,0.09268486346301785,12,37.54524781522293,0.1368915583646384,0.9504339487817379,0.9289713792716521,273.7025956366127,233.9671146916825,36.290998401608164,0.1342650014941473,0.9517435973968041,0.9302563287006398,269.8031084293802,224.680940576785
13,0.09438689565040354,0.09398437064372724,0.09268486346301785,12,37.126368039822005,0.13539594340831607,0.9509031355052208,0.9297068046920584,273.5946987831532,234.47049716626728,37.981933333674014,0.13627226766047582,0.9509434741643076,0.9290197047388318,275.75828113372546,230.2874511305622
14,0.09436908768952541,0.09268866583035464,0.09268486346301785,12,37.37325807396709,0.1356588227319212,0.9509329368789606,0.9295902793004672,274.41359080315107,235.12563120965794,36.678158097531906,0.1337148317398804,0.9517111217178081,0.9305063194800106,273.0886737717959,227.36251573298804
15,0.09382266077957732,0.09348332821849235,0.09268486346301785,12,37.134072858725105,0.1353484184759293,0.9512240411960627,0.9297559265280689,273.783493399189,234.8432938147948,38.35077695676292,0.13611995600849502,0.9513049042526591,0.9292418406316995,278.003528531355,228.43214054268577
16,0.09319978964624039,0.0919367591405537,0.0919367591405537,16,36.801843454901736,0.13421809788992928,0.9514812086696178,0.9303127220375077,273.5233852565865,235.07535818559285,36.86388395233484,0.1338435010975404,0.9521103501319885,0.9304187584676438,274.3140135569177,228.8892793675977
17,0.09328350950396884,0.09168399251487318,0.09168399251487318,17,36.83127973438696,0.13387720216950932,0.9515238771310203,0.9305772885352209,274.3692796309099,235.89084262038457,36.85097776049606,0.13285027467166066,0.9522523673019948,0.9309826938690147,277.1650220164837,230.6347670948971
18,0.09270056011040798,0.09166104764868892,0.09166104764868892,18,36.681796046046635,0.13363306884118695,0.9517782119707431,0.9306597054333473,273.7377737971304,235.4749652527312,36.2004953896693,0.13315952032634926,0.9523518411393304,0.93099685586011,272.1200518923365,223.57351326526134
19,0.09217038967390442,0.09054588406623193,0.09054588406623193,19,36.51076074906808,0.13299327185306772,0.9519718113494562,0.9309057736534821,274.4997126900614,236.57738892448302,35.977559697939085,0.13195067492534956,0.9528205775152778,0.9314390892418362,271.2113716315587,226.55664295707703
20,0.092081050129348,0.09038739848121115,0.09038739848121115,20,36.404408534245476,0.13260345045830982,0.9520854338825325,0.9311804501081491,273.83594518331574,235.98755579971396,35.69202531429513,0.1316884643211303,0.9528889658288767,0.9314705048422264,271.46394410113714,231.3304599988734
21,0.09164022849461195,0.09034498482328643,0.09034498482328643,21,35.97135136163803,0.13182509995325917,0.9523135874746563,0.9315908667742897,272.3176941418011,234.99594664373913,35.59881422354564,0.1311917289527276,0.9531562056100811,0.9322104415099294,268.9977332271032,218.47404121337556
22,0.09170382159514719,0.09049470228601114,0.09034498482328643,21,36.47119320398521,0.13236578017509032,0.9522546383826579,0.93128739619634,274.5058675160211,236.7178402824804,36.293309132585534,0.13227424026266463,0.9529232307581521,0.9313800270379186,273.00573104789544,225.57435181610066
23,0.09100765074031567,0.09023205477986262,0.09023205477986262,23,35.81992761019284,0.13140436779701362,0.952639260410683,0.9318106830696308,272.0434900378717,234.9539291809372,36.10917593185308,0.132422838119612,0.9530558089707584,0.9313134315179006,272.8802218108826,225.86857155928408
24,0.09100049261199672,0.09032502197122397,0.09023205477986262,23,35.854746457439056,0.1309257122412144,0.9526268772948959,0.9320528210781841,273.341001720492,236.25257540206997,36.48564880577658,0.13226210165162963,0.9529809357840711,0.9312893980878322,274.69156880085905,229.24833521731628
25,0.0909808090050338,0.09010754000744166,0.09010754000744166,25,36.26619260165932,0.1317368148933748,0.9525833196535579,0.9315786668758037,275.06010670964815,237.62401234139594,36.30275712210641,0.13191162247546215,0.9531476447365671,0.931610335233938,273.40859975771787,225.16552408063836
26,0.09059256400321519,0.090474855956527,0.09010754000744166,25,35.738064862927956,0.13101733161997278,0.9528859028922222,0.9320381888557258,271.89822756909837,234.942153199769,36.78867500773687,0.13227073638046727,0.9530604609630144,0.9315783600258036,276.9787735784664,225.01994475809434
27,0.09055490812559483,0.08935746881648188,0.08935746881648188,27,35.9700391166129,0.1308618056573276,0.9528049681876708,0.9320342458396771,274.45730088911245,237.35759093678234,35.66878127939495,0.13179600581289952,0.9536057542837763,0.9317657893279826,270.95609053682296,222.03005290503873
28,0.09046258159741548,0.08953076610383694,0.08935746881648188,27,36.00156151491678,0.1310309205064873,0.952863173715551,0.9319658113955748,273.8320744468159,236.70717859961476,35.81232612853848,0.13091712229557545,0.9535242234442032,0.9321762880133909,272.5316496683098,224.9440914017092
29,0.090061122498964,0.08928362898088586,0.08928362898088586,29,35.586151654716794,0.12967594794237644,0.9530965929309,0.9326969185709674,273.52729996280084,236.87220934924582,35.52866801875045,0.13030813419955697,0.9536870057404637,0.9326194958497852,271.23177570405136,221.23893809940665
30,0.08999162074098087,0.08923406201716799,0.08923406201716799,30,35.735030251563984,0.12968492620313857,0.9531001808485906,0.9326740215350633,275.05193659226995,238.25918367917055,35.71585840483799,0.12958230487366434,0.9535748877430842,0.9327514613285143,273.9951393048109,228.38318275539973
31,0.08954542865531606,0.0889987644178682,0.0889987644178682,31,35.27516797527388,0.12940347922565154,0.9533541991452958,0.9328457807939834,272.26751556504826,235.9915905385687,35.057905795879634,0.12852824222802975,0.9537509924551073,0.9333794988415535,272.17423018526046,226.0251441463106
32,0.08970677314751517,0.08979613198874066,0.0889987644178682,31,35.604025641586205,0.12990925973116965,0.9532969290623275,0.9325699290883386,273.0108546513343,236.36012812829094,36.53616734198409,0.13052859720246848,0.9534127071415043,0.9325210266494975,279.689102693752,227.90339245421058
33,0.0897212125498103,0.08992721042739239,0.0889987644178682,31,35.64127730216899,0.12963422312416953,0.9532863884062279,0.9327332330020918,273.95958174729935,237.29507560965416,36.6172943175108,0.1322847635594681,0.9537174851959398,0.9322733662515288,275.9245623969695,216.56370765965946
34,0.08927856798731029,0.08891558935706793,0.08891558935706793,34,35.40964864915955,0.12914839005397352,0.953483544696106,0.932950414820966,273.3287994184749,236.92367461236458,35.341835086336786,0.13006250632348332,0.9540910437244141,0.9330934663952765,273.1509788891884,219.40181794595972
35,0.08939881296543026,0.08968101559824071,0.08891558935706793,34,35.42623000463996,0.12869890116546212,0.953471013730589,0.9332375065868481,273.9750182490417,237.55216944685822,36.24052361504621,0.13169443227127062,0.9536798026179575,0.9322486010537046,273.3878572107367,217.82774689217655
36,0.0893878462298784,0.08818845219774202,0.08818845219774202,36,35.52279042079308,0.12919300124932237,0.9534474672843539,0.9329653481424288,274.3391965699929,237.82457413068923,34.6504375000479,0.12844889184757147,0.9543396704847588,0.9336905348223753,270.2956654393535,220.08571047424593
37,0.08925924103686118,0.08890721482261854,0.08818845219774202,36,35.47169598279329,0.12903720383869643,0.9535221498559073,0.9330449179680033,273.91961478072335,237.50294116146932,35.532180468802686,0.1293428782033808,0.9540381727556353,0.9333289191843085,274.3737287874991,221.97150407221963
38,0.0890825243624752,0.08832302247882123,0.08818845219774202,36,35.49317977245218,0.12899089627477797,0.9535750022674936,0.9330320602476685,274.2205545624494,237.79595640423037,35.38091004079572,0.1291892685570599,0.9543207339008392,0.9334429623754628,272.2347761950868,219.59193637751355
39,0.0888022892171001,0.08809751019902105,0.08809751019902105,39,35.23877781915849,0.12888043325617596,0.9537634018501571,0.9331296245621674,272.81736800924944,236.66016372363137,35.309658733844664,0.12915776936457582,0.9543584365926118,0.9332945297717206,271.39753016336584,220.67773764110532
40,0.08889965646604141,0.08798999013808607,0.08798999013808607,40,35.29640455129816,0.1284065240061298,0.9536937539181227,0.9333619712891261,274.0291432386875,237.8047310746812,34.936512375850874,0.12733965265340424,0.9544830370912931,0.934389033433571,270.87713170402395,219.03682467599276
41,0.08854034970889314,0.08809934406215499,0.08798999013808607,40,35.026661791471476,0.12777101633439222,0.953869140445714,0.9336968845428844,273.6024310628762,237.70708833115555,34.96798248283532,0.12894471996124524,0.9545269686263146,0.9336971870141332,269.6735060528865,216.19518593018583
42,0.08878600619811872,0.08797158947777627,0.08797158947777627,42,35.28459054841786,0.12823639561789582,0.9537595589141777,0.9334560295795716,274.22759015048257,238.05809203644858,35.15622894656829,0.1289733576469382,0.9545002663652407,0.9335120538882188,271.62358054643244,219.7728080607312
43,0.088812099069925,0.08763990780290773,0.08763990780290773,43,35.3510243430365,0.12852394029329628,0.9537250767302895,0.9332942725217572,274.2855874364266,238.05174187715377,34.85150534165989,0.12866094739870484,0.9545801478155412,0.9335379390850332,270.0784089865113,220.38782043037915
44,0.08841020658077538,0.08758613757375458,0.08758613757375458,44,35.18751317967592,0.12872800909455206,0.9539101952095934,0.9331521217426771,273.0457258212507,237.03018394960674,35.25497084653726,0.1271396559802532,0.9546055099836442,0.9343580390182878,277.31556075681584,227.39320866294952
45,0.08833184597202025,0.0877948773563294,0.08758613757375458,44,34.866906233030235,0.1276114315445637,0.9540205032530262,0.9338100770090296,273.18427071919035,237.44661402628628,35.209195359117594,0.12830020839884534,0.9543496852227934,0.9334243419990368,274.6965230365863,231.4929001276601
46,0.08802181145087681,0.08731993765504262,0.08731993765504262,46,34.60242752545235,0.1269971210234247,0.9541209693393595,0.934084993730088,271.96567213531534,236.56209088943834,34.91336405639768,0.12728961509496575,0.9547605648306461,0.9342659830883341,271.75700253581493,222.14521373728573
47,0.08824651301406852,0.08782249771326062,0.08731993765504262,46,35.109280242536556,0.1274311299476132,0.9540147162849766,0.933864494341883,274.31787600083123,238.3689617017179,35.280090922160504,0.12775079753963953,0.9545392178895077,0.9341326584085334,275.2646322087585,223.37044349866497
48,0.08806212820058583,0.08759999474298961,0.08731993765504262,46,34.92594453237743,0.12736311105912487,0.9541075097700035,0.9339021254812482,273.7180447454201,237.98511767157422,35.16893399077489,0.127371792110516,0.9545372968237377,0.9341180164696586,274.365621170484,226.57589147192417
49,0.08795982509667521,0.08823639100276069,0.08731993765504262,46,34.91652870103216,0.12745111619057573,0.9541548317996696,0.9338405459554421,273.54923550858246,237.86895157086204,35.81347198927896,0.12933507235565442,0.9544222556026819,0.9334884599678559,275.1230133577541,219.98967642481944
50,0.08779544708046311,0.08658938436869994,0.08658938436869994,50,34.76141381678091,0.12715305547280864,0.9542558715347251,0.9340119879824843,272.65171146491787,237.0934180269549,33.68637262561028,0.1255204082178513,0.9552289957342509,0.935339205026954,270.2614954753275,220.82970348385845
51,0.08803704440776026,0.08707631248904019,0.08658938436869994,50,34.97928510163039,0.1274031663712203,0.9541196191595411,0.933871574987582,273.6232338144593,237.8659942255255,34.609308132405886,0.12725761441569808,0.9549163844226645,0.9343253791110058,271.1862217104386,221.36891276700277
52,0.08739116144814141,0.08727156723600428,0.08658938436869994,50,34.460393657243664,0.12637633664116488,0.9544488023341702,0.9344108743581397,272.47758864335526,237.26664044511813,34.97924848769444,0.12730447379355106,0.9547330191936684,0.9341732848151328,273.71608800141513,225.26428439099342
53,0.08764481776032744,0.08770354556667821,0.08658938436869994,50,34.747950104324815,0.1269613561940692,0.9543138617547025,0.9341003663314997,273.44791269399775,237.9470840004897,35.40304677393335,0.12743417826883696,0.954597395577804,0.9342681775028527,276.628978762927,225.15059423717958
54,0.08755571613821446,0.08707500483321048,0.08658938436869994,50,34.61661845644804,0.1267257585573824,0.9543918078519585,0.9342413968421115,272.9251461536804,237.5439547486305,34.73051219129646,0.1253886600952301,0.954786198382895,0.9351210511734094,275.11689606521185,228.87229501815176
55,0.08781262380319978,0.086769773511003,0.08658938436869994,50,34.99654567526198,0.1268495163867928,0.9542252499413025,0.9341648044614309,274.8984448452872,239.1290178427607,34.33912496359086,0.12677724916127608,0.9549958419982232,0.9344257960044474,270.8796014544401,224.2758227268434
56,0.08758563442515145,0.08691253272492394,0.08658938436869994,50,34.935610383615206,0.12690095313076918,0.9543325281799494,0.9341198483888024,274.2699566792736,238.62303351353788,34.68039466082547,0.12703136049469757,0.9549277019379114,0.9343760902563076,272.52890505612027,223.85319118189162
57,0.0873898571651854,0.08731379023317686,0.08658938436869994,50,34.55058743543905,0.12673860486985242,0.9544353695711151,0.9342183217846577,271.67703851604716,236.41892655674886,35.04214725715169,0.1270910518246467,0.9547248622214347,0.9343222808038016,273.53903055144264,224.48245397922875
58,0.08722290089820368,0.08657495536557688,0.08657495536557688,58,34.4836141150121,0.12630122592968243,0.9545640133588642,0.9344780712068045,272.2222480160124,237.015010657267,34.26490828222403,0.12613684864272925,0.9550013234972229,0.9345989942503883,270.6639845984483,227.12373872951173
59,0.08733894889236792,0.08663241145118256,0.08657495536557688,58,34.69835789756685,0.12635382866343767,0.9544735719599112,0.9344218158026553,273.96997052611005,238.5562396062886,34.49172600171181,0.1270876405696694,0.9549859214909572,0.9341769917165155,270.8029209112265,225.25258175298143
60,0.08736338619747273,0.08728709298885638,0.08657495536557688,58,34.582078577248204,0.1258988316084245,0.9544732335582762,0.934684142062936,273.6246359812477,238.3123906627632,35.23811543004195,0.1280896522152978,0.9545727616458494,0.9334951102534813,274.62485678232906,231.17302705204577
61,0.087245294983334,0.08703835517144656,0.08657495536557688,58,34.539128299183716,0.12606787796156327,0.9545638069592661,0.934606749218799,272.94136363773345,237.66845544994973,34.89144847167107,0.12632646884097523,0.9546889786231931,0.9344319306753981,276.4994260096798,234.1666103735002
62,0.08732707800059897,0.0870582884214475,0.08657495536557688,58,34.73779432228101,0.12627747609728748,0.954425455550636,0.9344002894906228,274.2726103507891,238.88507877095458,35.335505931780155,0.12711887872871613,0.954794200198286,0.9341951215035639,276.56587478191636,229.12247559994793
63,0.08701561646925328,0.08663663513810817,0.08657495536557688,58,34.46710366962634,0.12581690961424946,0.9546451998730998,0.9347051684772684,272.75941369560235,237.60154151156024,34.340670283457705,0.125649962541354,0.9550264574439707,0.9349955756546867,272.7633712196762,226.24054249955645
64,0.08712055459158731,0.08699911315200935,0.08657495536557688,58,34.523673173180505,0.12603621715282495,0.9546052383408996,0.9346028378720924,274.03435148368,238.79963493982638,35.55327725012863,0.1272401455961561,0.9547544354454124,0.9340232101542963,275.9257855549124,230.17685676561234
65,0.0871258870611173,0.08619530929761562,0.08619530929761562,65,34.34338772681183,0.12598724743261103,0.9546197723968617,0.9346391239251683,272.48858426826564,237.43456582412082,34.57215522929269,0.12535869219951215,0.9551080691479973,0.9348844310244275,274.2058141692283,235.85963445030663
66,0.0866787538008086,0.08599654376822545,0.08599654376822545,66,34.37164788085464,0.1255550518190003,0.9547696569712198,0.9348111573276908,273.62508791576045,238.6231450091237,34.06041816133646,0.12573860886080818,0.9553732546563473,0.9349538574551797,273.1916135803306,227.39888756991323
67,0.0868473606797275,0.08641656180333923,0.08599654376822545,66,34.543478289483396,0.12577353627111437,0.9547057706268359,0.9347078649407426,274.04592625885033,238.85920675445328,34.6325006471888,0.12708196507199315,0.9551671709947921,0.9342410150218856,272.4054698349098,224.55737872888042
68,0.08694341696936753,0.08663182467374236,0.08599654376822545,66,34.49140150889114,0.1256193964058727,0.954679480614189,0.9348088037414901,273.1769262954001,238.02594569655912,34.99576956210287,0.1261951889954573,0.9550450627350541,0.934753312172552,277.6624927157768,229.69809843096658
69,0.08709355347947867,0.08590626421923354,0.08590626421923354,69,34.78127846990514,0.1262215333857329,0.9545807858487207,0.9344690946613565,274.75827280488653,239.31212365553975,34.19972487208842,0.12623198421323722,0.9554119303878065,0.9346201500051602,271.6893108683005,227.21832801679642
70,0.08671220000549436,0.08623128772521571,0.08590626421923354,69,34.268359534180114,0.12498835015335351,0.9548173185022233,0.9351712838755305,273.63764190498813,238.71436898155824,34.6917525582017,0.12578434755849166,0.9551090404803505,0.9346938469911852,273.3767088586404,231.8702758016693
71,0.08656741013831108,0.08545701164655038,0.08545701164655038,71,34.27089816853978,0.12542541324335416,0.9548775467524153,0.9349111490113164,273.0881151521347,238.16189989963686,33.48346860225888,0.12440114679998666,0.9555713602765439,0.9354861842807143,269.13776142194456,228.32204271855016
72,0.08643008201062644,0.08576879762032698,0.08545701164655038,71,33.98640431151957,0.12478506163465013,0.9549753177015582,0.9352818215516441,271.9863321603409,237.34672407391642,34.215811877805436,0.12478174823351834,0.9553713828459753,0.9352240993014406,273.9072274306673,234.2434146395379
73,0.08643941691211326,0.0862687326944328,0.08545701164655038,71,34.18020077952852,0.1251496688385222,0.9549256841217946,0.935043645698126,272.5503192166341,237.74022779444408,34.78677620007427,0.12579653979119587,0.955115524067092,0.9347244045863976,276.33602144279877,233.8194527658781
74,0.08646625505798056,0.0863091507266965,0.08545701164655038,71,34.29777858983527,0.12519327295090854,0.9549095536262778,0.935033067847478,272.90152184689896,237.98557321772543,34.70468558801116,0.12603403942735142,0.9551352875148967,0.9346572968780655,276.30058628356943,232.27046617639283
75,0.08672515178032436,0.08593124062208796,0.08545701164655038,71,34.485015935812925,0.12504928037772453,0.9547685704901111,0.9350856648253759,275.1393510630445,240.04536496043187,34.305654442682204,0.12420559729024994,0.9554424608761782,0.9358214430068085,275.31589743210236,228.21430704297563
76,0.08676171606784307,0.08582493256173088,0.08545701164655038,71,34.54589715130801,0.1256712991854763,0.9547560655775762,0.9347736711113761,273.93800372822164,238.77818016166006,33.743478836394864,0.12333509437805629,0.9554249378941165,0.9361401087563717,273.6866813481544,231.0488856395881
77,0.08616612857797,0.08606271375879157,0.08545701164655038,71,34.009162398289405,0.12457857562837507,0.9550734518929763,0.9353393762302695,272.95067224329114,238.3418903660648,34.4637811139492,0.12467407159198844,0.9552705973673269,0.9354041518944255,276.089409696277,231.95998201001643
78,0.08634588895659098,0.0859608213536548,0.08545701164655038,71,34.16992709556603,0.12516490180989254,0.9549989144424067,0.935062293164089,272.8055118823105,238.00603103283498,34.39425222289452,0.1249610283210134,0.9552418739392942,0.9350791412497212,271.91144762194483,232.20105194217533
79,0.08621313704346717,0.0856344049377303,0.08545701164655038,71,34.123919872938366,0.12444990019228179,0.9550366226104146,0.9354060657587322,273.03490043638885,238.32438088036344,34.089628147007744,0.12444885866926632,0.9554793519531252,0.9354755979836022,272.5283738514805,230.38126615928812
80,0.08661133296740127,0.08559180276052891,0.08545701164655038,71,34.44927872515004,0.12567449095707028,0.9548463577119661,0.9347750511862982,273.39144220770436,238.33333717832483,34.25028315164867,0.12363759556166537,0.9555024038886987,0.9359171990555877,275.5168083599555,232.9106283773505
81,0.08639531514424097,0.08628143446893816,0.08545701164655038,71,34.30334480840275,0.12494531969685148,0.9549392426389629,0.9351413838971064,273.5413813715649,238.62740541720964,34.64293695801212,0.12595132803400053,0.9550914972558638,0.9345897995702935,273.762455818067,232.81654340247442
82,0.08633622374131057,0.08586483911244056,0.08545701164655038,71,34.29978952776097,0.12496203489622366,0.9549632070404287,0.9351323528027794,273.4478087203807,238.57230446361442,33.97221469037178,0.12468695659274467,0.95540394363437,0.9354616163500575,272.49407985328764,227.95438090281928
83,0.0865656696055287,0.08586016771827044,0.08545701164655038,71,34.63757667235228,0.12576650139775553,0.9548690472934955,0.9347366104511947,274.8184848132637,239.57794860909848,34.5375539604907,0.12641491427102555,0.95525937031736,0.9342873551014337,273.3207905847745,235.40230289823708
84,0.08624668681093837,0.085165208430326,0.085165208430326,84,34.32979129818554,0.12503682892852794,0.9549985528584747,0.9350805208784455,274.25937775389934,239.37875088470807,33.96955873191134,0.12398586980158005,0.9556827404720306,0.9356802264592076,272.3672300012808,231.90418980602004
85,0.08634338949494817,0.0854506066928886,0.085165208430326,84,34.249535895500784,0.12498151091020966,0.954986329941117,0.9351530238309689,273.7366900254067,238.914746997493,33.89456191651372,0.12477615697695645,0.9555200952652835,0.9352005029019361,272.2804813216615,234.43535231870368
86,0.08632282501034606,0.08568229204986945,0.085165208430326,84,34.37342134911474,0.12478746119201968,0.954976753932917,0.9352270643359107,274.9607579483315,240.02233827430408,34.27774949772629,0.1254901021561109,0.9554109545883207,0.9348654288017261,274.7718220022769,234.70681302866
87,0.08615035890012587,0.08573803034177452,0.085165208430326,84,34.38540895593193,0.1252423261626322,0.9550470953030904,0.9349646303445236,273.388807180764,238.4646880745152,34.169753118241466,0.1241659609323533,0.9554644294385702,0.9357281636438675,274.7527544015245,229.7746731954765
88,0.08593486786398155,0.08602222200203156,0.085165208430326,84,33.97807613170494,0.12456114451354189,0.9552126023469744,0.9353729284332493,271.836574498647,237.27586100940474,34.68255352127288,0.1249610823680542,0.9551981105766086,0.9350872321972689,274.86318926617565,235.46745156296942
89,0.08617275150474374,0.08607543902301733,0.085165208430326,84,34.20527014772208,0.1248194558576569,0.9550750835008667,0.9352399615198659,274.0960575496085,239.3233557067568,34.81482295342607,0.12558599473455034,0.9552492836959132,0.9349135872146909,278.1654315040653,233.79101886116854
90,0.08594500920924779,0.08574267647384264,0.085165208430326,84,33.93892731872572,0.12455412617339943,0.9551858811312327,0.935371694711837,272.1396272977141,237.65187188413677,35.06683660166297,0.12673877290277732,0.9553171199678275,0.9341058994546366,275.3911150834456,237.50496661758947
91,0.08600475902733885,0.08565180082577968,0.085165208430326,84,34.0712041126151,0.12451596613486074,0.9551385507011174,0.9353626371601966,273.0443833188361,238.44888611423227,34.19436747330368,0.12405401857250785,0.9554353177442209,0.9356730935946385,274.8953695643385,231.8959199644571
92,0.08609448507801735,0.0852598133629412,0.085165208430326,84,34.20237569261518,0.12438609825118703,0.9551125428223312,0.9354519574846235,274.4459497483347,239.6667691049873,33.98070045674762,0.1243042225200498,0.9555816579524596,0.9354052683267262,272.4837176716045,238.42202303150904
93,0.0859363556079116,0.08583990642565219,0.085165208430326,84,34.07425314803095,0.12453611803553549,0.9551756005335612,0.9353625188403052,272.9525217912076,238.3552991751743,34.52491397756629,0.12441145072199444,0.9553147244387944,0.9354096268564434,276.5877771166135,236.95499153578774
94,0.08611147297433648,0.08549260561936786,0.085165208430326,84,34.26006210600505,0.12441437827570016,0.9550982244004713,0.9354426690723343,274.93781388785055,240.13531587815206,33.650572362356804,0.12270182726931426,0.9556024543018652,0.9364441638603757,273.7477308261715,230.9880769851981
95,0.08604510461680522,0.08572932299352964,0.085165208430326,84,34.31958351779058,0.12496186668596833,0.9550965915887032,0.9351150098174617,274.02654356406697,239.17823004070718,34.599300560026,0.12443489316183608,0.9554446776146652,0.9354526697361448,276.44933131837087,234.16972411546564
96,0.08575388325205453,0.08533904072476856,0.085165208430326,84,33.98413311189863,0.12434456197722865,0.9552824380246873,0.9354715849845516,272.3519685219674,237.84625924964809,34.20389298979198,0.12396734547288787,0.955685090429296,0.9358119519991291,275.97288924215917,232.25886290462105
97,0.0858546613900592,0.08576752346433657,0.085165208430326,84,33.98007015749357,0.12446757815300107,0.9552158236138987,0.9353948632374733,272.7644973447357,238.26647894447456,34.93882849058825,0.12587408781817597,0.9553969592727211,0.9347132469757833,275.70987462370636,231.92987859260808
98,0.08628542083318858,0.08601950523851899,0.085165208430326,84,34.533475628687775,0.12473459329588955,0.9550328567167511,0.9352986180897562,276.0365259207098,240.92717627635182,34.9136614800435,0.1257410304442162,0.9551969935011344,0.9346688866895952,277.0712368527136,237.79018480084983
99,0.08564930763023386,0.08488724524422396,0.08488724524422396,99,33.93110884253335,0.12418907193876093,0.9553367574286946,0.935561704021636,272.33059332619086,237.88103482865566,33.55241132507564,0.12344939248811411,0.9558244747509319,0.9359564236479458,272.59612216541575,233.32931734099677
100,0.08570892947047234,0.08559233269677785,0.08488724524422396,99,34.027466592794426,0.12451430722957971,0.9553166389003054,0.9353889518819622,272.5006259175442,237.92225910511587,34.64015696463642,0.12533672949438449,0.9553915457863983,0.9348590751360368,274.1742991267267,237.7101900378746
101,0.08569963959345976,0.08479062033817537,0.08479062033817537,101,33.99990914199098,0.12415381934660827,0.9553029548686273,0.93558036050659,273.9329498771056,239.4235833929917,33.377967766366424,0.12268393619173482,0.9558599429994044,0.936306367580952,271.89469096285,235.56014479677748
102,0.08557063493122988,0.0861008326678866,0.08479062033817537,101,33.850192567851465,0.1239240925674638,0.9553543869974677,0.935674840193312,272.48652763085425,238.15859074174585,35.34272297490034,0.12737389457314674,0.9552652236642102,0.9339569267722375,277.64618821618416,231.3902203681681
103,0.08559112092995345,0.08584851633018434,0.08479062033817537,101,33.862088492027475,0.1241840511724842,0.9553815715720153,0.9355775044462996,272.99910384779304,238.59797804368512,35.044745336169235,0.12623534147672053,0.9552739122252102,0.9343966017733936,277.5570148769631,238.85390391732423
104,0.08582913660278442,0.08518089257854561,0.08479062033817537,101,34.142754856638625,0.12447472005607234,0.9552791090312143,0.9354337056080696,273.6709699108714,238.97398048237116,34.24324624501468,0.12465845102366452,0.955615720773225,0.9352481827353271,272.7843154838372,237.68873593197725
105,0.0854253950505249,0.08510565345170265,0.08479062033817537,101,33.82776869960808,0.12404685172282522,0.9554089838415799,0.935589036987626,271.79599172838124,237.50157024115398,33.87120933338126,0.12348112431061556,0.9557325920100677,0.9359595369703283,273.5784735721725,232.6098646553493
106,0.08549149925903188,0.08504878345724179,0.08479062033817537,101,33.91529877085683,0.12427750333262216,0.9554063607404231,0.9354857969514546,272.2299570894416,237.81494920507552,34.216169745729836,0.12402370545339977,0.9557544512329603,0.9356354881740913,276.4551589723332,236.51806472380161
107,0.08562873744332711,0.08533486764975241,0.08479062033817537,101,34.06905382875079,0.12413163000997629,0.9553533585427453,0.9356011858596658,274.29065731272976,239.7126581143575,34.13274580641356,0.12316480992452898,0.9555607928536513,0.9360441685845531,277.02154875709095,239.61913795463707
108,0.08560657326352415,0.0851960852464461,0.08479062033817537,101,33.95958266946058,0.12382060585224984,0.9553534498317074,0.935747281475912,274.03038993367494,239.57247524570874,33.775088594080025,0.12356394490167537,0.9556342404169827,0.9358152189230438,273.75020670764513,236.65758103222294
109,0.08557561056242732,0.08550823730143796,0.08479062033817537,101,34.02491288220279,0.12394180007535696,0.9553578287550243,0.9356809345024301,273.9548893310507,239.4514968021165,34.33507674503308,0.12432230396383717,0.9554741578708332,0.9354192497030015,273.72257188808595,236.38095741204614
110,0.0856470323493137,0.08538975840997574,0.08479062033817537,101,34.0829548630685,0.12393616355776142,0.9553241112731079,0.9356837548201177,274.255972383547,239.6788219952155,34.611370972425114,0.12375928448980547,0.9555784470665003,0.9358086724690136,277.5913131980305,235.8526727003936
111,0.08557657686069431,0.08543218673152599,0.08479062033817537,101,34.03841715556464,0.1239471633335394,0.9553669637754487,0.9356753651048441,273.6284568793705,239.0838943862311,34.82998715827856,0.124665396359298,0.9555543639717416,0.9352918369456181,279.6530818119689,238.08656386775272
112,0.08548098911389199,0.08487847625583626,0.08479062033817537,101,33.98536945101122,0.1241542348651911,0.955408711748281,0.935562676834288,273.19600676765174,238.72702742127655,33.89878934089731,0.12321931319316742,0.9558403065374418,0.9360497541841114,273.3373774004048,232.7772852474974
113,0.08574912390613733,0.0851660387753879,0.08479062033817537,101,34.060594653911366,0.12381401400647098,0.9552733729405095,0.9357630407701478,273.8683735608651,239.30713656022994,33.976457074550595,0.12330225515253337,0.9556459120167969,0.9359553899979249,274.1137487760637,237.12450242337232
114,0.08538069075388639,0.08422365299049069,0.08422365299049069,114,33.87513759964525,0.1233347349372226,0.9554479939717911,0.9359808495156827,274.05469087378503,239.72818095989416,33.26852574010725,0.12360297990401914,0.9562284547791005,0.9359452321479338,269.3366172390871,227.84872297616667
115,0.0853005545010656,0.08497480987151838,0.08422365299049069,114,33.72455743198685,0.12326758657816855,0.9555342187827559,0.9360569952433957,273.26592010626393,239.04892805810903,34.04897134341935,0.12332074299428378,0.955762410505346,0.9359640060089512,273.35603359762024,234.36881006879622
116,0.08558912868376764,0.08399426988264802,0.08399426988264802,116,34.16236268128473,0.12414662472554171,0.9553444949599654,0.9355594717783685,274.24374495724066,239.60398013607522,33.22676464190828,0.12410469202345578,0.9562814892425896,0.935532775466901,267.6328084705062,232.8981734454129
117,0.08552131502526365,0.08439733290908523,0.08399426988264802,116,34.049217990977546,0.12398890358892285,0.9554011895372838,0.9356650311602178,274.1467613657335,239.61365472438445,33.22679255423603,0.12375689271164333,0.9560909076300186,0.9357843183409309,269.4434993235719,231.13786650910808
118,0.08529365203969046,0.08479051038546845,0.08399426988264802,116,33.81522064825703,0.12351455860121922,0.9555104948579858,0.9359012407115549,273.54548547811316,239.2643370441935,33.802558044230025,0.12364880418324906,0.9558664781335805,0.9358058016230505,273.43429802828547,234.37939218719825
119,0.0854167850751887,0.08497690023079278,0.08399426988264802,116,34.0430309150017,0.12379340514775881,0.9554280181976492,0.9357391275129767,273.595493244936,239.11088057269077,33.95715301383447,0.12484417837906146,0.9558232337768484,0.9352960351847985,271.13144450181136,227.61579524102527
120,0.08553224351409483,0.08513364831249878,0.08399426988264802,116,34.109715239785125,0.12383175215651984,0.9553731792132893,0.9357297155856956,275.06712503122264,240.49568540616977,33.99650917554664,0.12416692769963623,0.9557816843577687,0.9357143990638468,273.10149030440317,229.25517415747774
121,0.08545965399167664,0.08424042630776228,0.08399426988264802,116,34.04686653220131,0.12382156198706057,0.955437204669686,0.9357556466819535,274.07070924285017,239.52704646755225,33.27456291427747,0.12277520435836844,0.9561456021243786,0.9362576944303672,268.7946187229467,231.90363660082295
122,0.08527758721207483,0.08469970376234978,0.08399426988264802,116,33.928166329554024,0.12362260359718731,0.9555078664868525,0.9358323990325286,274.2346076778233,239.84364206704848,33.76362478740079,0.12272257001751517,0.955901909919961,0.936273339965518,273.87943884969485,238.06295284804864
123,0.08549579492824512,0.08449314628216667,0.08399426988264802,116,34.13689913678074,0.12429569298077453,0.9554240397137604,0.9355115282893005,273.9916602444575,239.3681976953413,33.08686283239552,0.12146029734064229,0.9560188294766766,0.936954079748767,272.1859470342734,238.30841219525772
124,0.08526119818340534,0.08492744637133211,0.08399426988264802,116,33.880694061200956,0.12307192148669542,0.9555113859326128,0.9361243937575346,274.7684459746493,240.45585844958848,34.27891589137229,0.1229909839953117,0.9558249932774286,0.9361986490425138,278.7807157058821,238.29671183843016
125,0.08555563975843182,0.08492990402215739,0.08399426988264802,116,34.00586864282461,0.12336643948362398,0.9554033032412401,0.9360183728653428,274.49687037027553,239.99678090438414,33.76209505562785,0.1222699190021637,0.9557849320566418,0.9365407301206927,275.62348202141635,241.2975086603582
126,0.08521656496292108,0.08475046473021176,0.08399426988264802,116,33.80262608083048,0.12350900789906023,0.9555352841129894,0.9358911373456528,273.0712055652795,238.8309023252951,34.13905182393691,0.12392339708233478,0.9558832248870546,0.9356763002473466,273.5616753069073,232.99063067242565
127,0.08538591733108845,0.08574701378614219,0.08399426988264802,116,33.94631675213088,0.12370567376322968,0.9554620688092709,0.9358171919125446,273.6748437321318,239.27369815602023,35.22133447835322,0.12527198377797152,0.9553822738319279,0.9349800604381865,280.37825471736977,237.95624231342617
128,0.08543581838160876,0.08551676065673987,0.08399426988264802,116,34.084079625546764,0.12346631213847654,0.9554337006952848,0.9359251737601115,275.15562617679944,240.61843143992138,35.2072754613507,0.12512408379353518,0.9554399347127548,0.9349758364720651,278.33140629526446,238.77683340532536
129,0.08518438346330352,0.08501734167676546,0.08399426988264802,116,33.89175090215788,0.12368861398559387,0.955542793934268,0.9357874666064289,273.1143676094423,238.7979069368447,33.99417737916284,0.12312162560658382,0.9558093945653106,0.9361614109325204,275.3153395328144,233.75191338389251
130,0.0849226515467713,0.08489223578840652,0.08399426988264802,116,33.559455626894696,0.12264339048914935,0.9557120064852037,0.9363758466050889,273.0032178468437,238.99286193514294,34.17703698741845,0.12405652645810904,0.9558499404465846,0.9356461493015196,276.97077531460945,236.61028447412195
131,0.08503990732404,0.08510936147206107,0.08399426988264802,116,33.83697344176636,0.12375068413260021,0.9556417614174368,0.9357788222596181,272.2283377086363,237.9487450883184,33.88075705586823,0.12306767655326405,0.9557593195654024,0.9362173317483016,275.1621500651042,233.10429226652838
132,0.08527365832132426,0.08436489249792477,0.08399426988264802,116,34.10734480944784,0.1237273453031885,0.9555398941704157,0.9358115417874356,275.36547449361854,240.78330015219686,33.823429220677454,0.12367670718059368,0.9560506593626762,0.9357193135995362,271.6895770214575,236.56565523138227
133,0.08500310363462343,0.08343961406466258,0.08343961406466258,133,33.736718203162134,0.12311366939604579,0.9556783559230032,0.9361292865419708,273.58317229689567,239.3885415728254,32.84423253600308,0.1232501510834025,0.9565643059498706,0.9359958084723705,267.8384604720665,235.24796415362283
134,0.08526714622544672,0.08475934675561579,0.08343961406466258,133,34.14483168646421,0.12376190476907752,0.9554952135683246,0.9357403887660117,274.4131597475688,239.85554346681207,34.26462569263886,0.12335161607780479,0.9558735912000991,0.9359409593474006,275.70556817252145,239.32248686097617
135,0.08488681387272021,0.0839565655610153,0.08343961406466258,133,33.64144466078661,0.12312318514313271,0.9557077760998259,0.9360931792513926,272.25378753263743,238.18949845349601,33.172831200234256,0.12204719637424684,0.9563892848215221,0.9367761855993595,272.79701584667606,231.4826127819999
136,0.08516749448468341,0.08473796287377208,0.08343961406466258,133,33.86588823390467,0.12318604368486763,0.95560137508112,0.9360994214499574,274.39850663550726,240.06373911284692,34.198775123609664,0.12346315822877064,0.9558446302773183,0.935829887044928,274.47617378257314,240.4350241604379
137,0.08476843947824564,0.0844683283221869,0.08343961406466258,133,33.59146288761808,0.12334477074842684,0.9557953618994649,0.9360122966606188,272.353950248717,238.3254901132381,33.572867458793304,0.12263857956543749,0.9560293200227918,0.936319251235429,273.1910178858274,238.689739081353
138,0.08495635182850417,0.08474924404386776,0.08343961406466258,133,33.82700143599798,0.123677872562859,0.9556755436802166,0.9357981783140884,273.34104213023915,239.08977132454817,33.960628944353566,0.12351867711518309,0.9558946246700425,0.9358862890246711,275.2328194537209,237.33643081961412
139,0.08518510938327181,0.08515096829364714,0.08343961406466258,133,34.07069900698544,0.1238814217433943,0.9555486142488848,0.9356982719592859,273.649605922375,239.1571165852091,34.55671656157471,0.12414414493510693,0.9556607509655697,0.9355152734172141,277.36135819651975,237.79766919048296
140,0.08501776196174472,0.08476234559237969,0.08343961406466258,133,33.67125405095889,0.12318435526423506,0.9556711654249249,0.9361064570319536,272.90330135956555,238.78545242518754,33.529611537006055,0.12258315421107331,0.955877669341241,0.9363522068388163,272.52961088213846,239.3540116389265
141,0.08468878924158114,0.08430216636100142,0.08343961406466258,133,33.34710566763263,0.1223828437835022,0.9558162268131745,0.9365018241233207,272.24386540908307,238.50030013018832,33.48968713284007,0.1229078487257572,0.9561701915487253,0.936264407361094,272.79789067194093,232.52705790141948
142,0.0850451880737873,0.08443638159202224,0.08343961406466258,133,33.89717745067603,0.12330451761395532,0.9556466157468014,0.9360143038835744,274.71194046673065,240.37586425767915,33.86283066442533,0.12352749409016286,0.9560360731343229,0.9358418575099386,275.0327724661106,239.46890529417772
143,0.08497631683920426,0.0844725592996306,0.08343961406466258,133,33.81559705476419,0.12321678330600212,0.9556687543117288,0.9360653664043673,274.06478118738136,239.8272083605623,33.96770015108087,0.12369090192822445,0.9560131220483583,0.9357438665851789,274.19436332967575,240.70278522026686
144,0.084903368488051,0.0844695204677057,0.08343961406466258,133,33.816436709739904,0.12311868204217039,0.955701463713691,0.9360937360692658,273.6250242103786,239.3973115770487,33.57606113651628,0.12317076238003435,0.9560586060639431,0.9360692388571219,270.527441834945,232.20669002431922
145,0.08482924057272992,0.08434347131347829,0.08343961406466258,133,33.6341062645889,0.12315605988556022,0.955754316042588,0.936098116900296,272.1645591732923,238.11480700789602,33.722903923167884,0.12329039339408095,0.956079793193889,0.9359412233876743,273.38298415763484,238.33520651209793
146,0.08498646773125683,0.08471263702231598,0.08343961406466258,133,33.73138012699313,0.12320792715939737,0.9556622538042326,0.9360698854677785,273.24042996318997,239.08928087361488,34.171126011471806,0.12423321830424136,0.9558745655261327,0.9354399479859853,274.1873408200251,237.12733341821016
147,0.08473359898983654,0.08437000149566799,0.08343961406466258,133,33.59936776196353,0.1229066038832945,0.9557910770374798,0.9362178405835632,272.8909803853563,238.8927539781894,33.97565266850744,0.12343173031014557,0.9561541641322169,0.9360027669901377,274.8304734644479,234.0472458750916
148,0.08506207201096588,0.08444453782460631,0.08343961406466258,133,33.85335362581431,0.12337784271324487,0.955634308358766,0.9359705460456362,273.4486840214928,239.15993103764072,33.941151475822174,0.12314130157401848,0.9560255700170889,0.9360564206075453,276.9435687170839,240.2716945074155
149,0.08478510313289873,0.08429951202186482,0.08343961406466258,133,33.63017581600294,0.12279484211141913,0.9557730613729384,0.9362769778535682,273.1255522399866,239.0773425085618,33.89077115334879,0.12294766732687246,0.9561193221944301,0.9361671747379217,274.666795520659,237.07864686136318
150,0.08453011430050793,0.08391745280410838,0.08343961406466258,133,33.460001335704504,0.12254835445269249,0.9559039477602984,0.9364078615154376,272.7857567187276,238.91037577754568,33.163084298085764,0.12185471747870863,0.9563275235925255,0.9367649789672284,270.81207553204166,233.04211965841196
151,0.08478485845117659,0.08393021531612097,0.08343961406466258,133,33.66077155948135,0.12292281424281729,0.9557824910758096,0.9362199276732919,273.5633980278654,239.48507413206266,32.98422043366083,0.1218821252338999,0.9563166634204319,0.9367515428851627,272.6556019759632,241.2474493004655
152,0.08462197622107785,0.08454691729043684,0.08343961406466258,133,33.60956563102118,0.12280908615850622,0.9558578266172395,0.9362666009964626,273.9634903970021,239.96780972589897,33.83811432589777,0.12299198768952559,0.9560073660779799,0.9361688109947602,272.3036443580476,233.6629407739368
153,0.08462857040657261,0.08320596414584025,0.08320596414584025,153,33.59280496549682,0.12282108011804499,0.9558402898212779,0.9362548682923931,272.9208452448396,238.94270898072136,32.417261989953495,0.12140948444090335,0.9567921173228735,0.9371303459441215,266.62090820767537,225.68705125329353
154,0.08505283029850401,0.08539974733921087,0.08320596414584025,153,33.90429777182576,0.12325021891921695,0.9556505615593103,0.9360619835593399,274.18544503572997,239.8496778831209,34.52176389643696,0.12406406676433637,0.9555203019929489,0.9355617869782031,276.76776798720545,238.8582005911489
155,0.08486970553287641,0.08418968186215113,0.08320596414584025,153,33.79200807142521,0.12279611317501603,0.9557140622135591,0.9362692012545438,273.7405807890984,239.5475789776387,33.8096118898562,0.123602359528071,0.9561851885310804,0.9358221248409105,274.5092539331692,236.8989251675455
156,0.08487176452444697,0.08448239086257586,0.08320596414584025,153,33.773843064428746,0.12312838216844044,0.9557388923769665,0.9361296848718457,273.4018870100813,239.19842415853958,34.06370051973166,0.12329504683055385,0.9560129447897345,0.9359467981936115,276.0159073579491,242.45266182674763
157,0.08488322611666434,0.08411751332027154,0.08320596414584025,153,33.89977482431049,0.12302402927604793,0.9557044214850479,0.9361379355415185,274.7495166133302,240.45824221830262,33.92021129803492,0.1236818748006803,0.9562006887908727,0.9357259966519292,273.98595683678053,239.49801347151396
158,0.08461602211594288,0.08441684729232726,0.08320596414584025,153,33.52636558894829,0.12276961173646747,0.9558649510543984,0.9362916826049402,272.8729719296686,238.96238663542297,33.860560118742775,0.12267851874112427,0.9560601027989027,0.9363526780628236,275.2825854329331,237.2971194280183
159,0.08483270377765498,0.08477036568340025,0.08320596414584025,153,33.71879651447121,0.12254305926512067,0.9557405977111374,0.936407372719587,274.2968015437944,240.17666719951168,33.76759285727552,0.12238419140135982,0.955886552351139,0.9364875954858504,274.8958246875843,237.53545955173732
160,0.08469532499505623,0.08395803793870119,0.08320596414584025,153,33.60740638727493,0.12237079312483756,0.9558150315455316,0.9365058595736105,274.1766057586545,240.19906841746658,33.67622320891035,0.12334724941340432,0.9563488896416523,0.9359905143005838,274.0273247101926,233.7715875072902
161,0.08466139482264569,0.08396254751772092,0.08320596414584025,153,33.53780352872544,0.12255767990994072,0.955838302802503,0.9364118520446149,273.4435501334486,239.50780454832824,33.09702725529273,0.12220657745049891,0.9563176519313653,0.9366039104360633,269.82120363483574,232.45813124194342
162,0.08466907649031041,0.08334650780310555,0.08320596414584025,153,33.62297842321719,0.12251902662123615,0.9558567124287118,0.936458324400287,274.0906099863983,240.0397757847583,32.68687646464317,0.12120445778680031,0.9566348759548463,0.9370962921511736,271.2729674023648,239.35968303773973
163,0.08454315886499646,0.0843833813446338,0.08320596414584025,153,33.50211314801874,0.12241200881621182,0.9558819414708686,0.9364654010319751,273.06570257355344,239.19200098407646,34.12975317191815,0.12436025277619178,0.9560520799108082,0.9354099376261971,274.19586374433646,238.0511516041912
164,0.08462908024480977,0.08443662643356606,0.08320596414584025,153,33.679286625634134,0.12295734966183433,0.9558622875292536,0.936200224450821,273.42717284522865,239.34745056695724,33.66404645836351,0.12267137076782436,0.9560519810374961,0.9363206219551539,272.40689409034076,234.12145358140455
165,0.08463103128862157,0.08421114647250469,0.08320596414584025,153,33.58625107757437,0.12267012135056263,0.9558295790622663,0.9363221299088993,273.1196982401073,239.15717505881562,33.312905586815965,0.12263994961567713,0.9562170486930119,0.9363696404197578,271.3032211414477,231.33890105800018
166,0.08461899494317783,0.083370625349308,0.08320596414584025,153,33.60519705304704,0.12280745446646166,0.9558675173057005,0.9362847688678729,273.1717453377128,239.16083894717426,32.673551607721336,0.1220475771402831,0.9566272262243376,0.9366657964056418,268.9291988924388,237.5006839122776
167,0.08469211287237775,0.08484110648895284,0.08320596414584025,153,33.770533785652546,0.12295482575216261,0.9557976634304868,0.9361729139958472,273.70932642823,239.56042457733497,34.577642624533034,0.1249356580518474,0.9558104101713906,0.9351077820124148,279.1100477907549,240.73801785701627
168,0.08452355010411891,0.08364494483313514,0.08320596414584025,153,33.45059504135243,0.12254309344460321,0.9559058284654044,0.9364086777191563,272.20311638227196,238.3770085086788,33.17374647161833,0.12115845123657835,0.956514337576439,0.937183253527015,273.7140826247172,233.85306334575063
169,0.08453820763380955,0.0845162755520479,0.08320596414584025,153,33.610431763275365,0.12258746898072063,0.9558989015449317,0.9363844031586758,273.17076549260213,239.15882484652303,33.96787542545587,0.12344996344933258,0.956007828472969,0.9358896446480619,275.74333685174605,238.2041843497381
170,0.08430268384304226,0.08484963875366984,0.08320596414584025,153,33.38997020655805,0.12251420390196387,0.9560292711015206,0.9364294187363313,271.6827713961942,237.9159016330366,33.80207579449763,0.1227643427362109,0.9558278954868717,0.9362892470267186,274.3317491315453,237.1472860137598
171,0.0845778957019082,0.0838070756399283,0.08320596414584025,153,33.63570859999586,0.12294291658266451,0.955855505604103,0.9361742351185235,272.8644881422916,238.8678229503495,33.27784161514363,0.12269666916088705,0.956455965146893,0.9363938151492028,271.23752479485864,230.4148487991414
172,0.08439567697270212,0.08399051152299801,0.08320596414584025,153,33.41482063517226,0.12195909313397311,0.9560054656255902,0.9367541405744312,273.49186526244404,239.67065472757804,33.604715543001895,0.1224681800364723,0.9562696934868968,0.9363636403591792,274.3998281034695,239.35264574529518
173,0.08454778724859671,0.08515546584459106,0.08320596414584025,153,33.657865477433866,0.12267455366689925,0.9558920484679369,0.9363430877354061,273.3107309885539,239.26317681801092,34.68660563124099,0.12328749226049182,0.9556426744332892,0.9359657002566537,279.54549729629946,244.65557397008294
174,0.08433377402642571,0.08321902323832156,0.08320596414584025,153,33.34599747444997,0.12224794201509326,0.9560050114576648,0.9365720419120903,272.1710446673535,238.4579567541866,32.63744774897566,0.12053921429174705,0.956715251198698,0.937490983116456,269.95556787914074,233.6646764140422
175,0.08452174354459972,0.0838579652980423,0.08320596414584025,153,33.5693040379718,0.12237922419533008,0.9559072484089289,0.9365105516197342,273.7453096577599,239.79921013860584,33.1689907842602,0.120869372911972,0.9563810364835655,0.937287143955096,273.85956399104447,237.2931510830992
176,0.08459019979767331,0.08393867856685686,0.08320596414584025,153,33.71731335934093,0.12237839127323956,0.9558632510878685,0.9364964200124846,274.51353667724516,240.42627594945887,33.52204500153085,0.12193974747900077,0.9563109507531729,0.9366879625860233,274.00426771894774,240.01176192186523
177,0.08433957642033917,0.0830923011762174,0.0830923011762174,177,33.430091225315046,0.12229031325526016,0.9560110070917801,0.9365550381898086,272.438352872384,238.63063466451646,32.91673272746391,0.12174180572041582,0.9567622156594111,0.9367871611684777,270.9649202984082,237.92041267692892
178,0.08457273107810077,0.08452331533186665,0.0830923011762174,177,33.63009026823419,0.12269933107552441,0.9558845569548455,0.9363353417997794,273.57429251123136,239.5580711276822,34.18068153960625,0.12279320788460665,0.9559839233969482,0.9362227249103409,277.39039169051074,242.53717620592153
179,0.08436758081935392,0.08450095162997182,0.0830923011762174,177,33.491040950431156,0.12251737325760166,0.9559807237853996,0.936420885812996,273.25513615523573,239.389781545745,34.148540011849946,0.12349987409940205,0.9560230688555745,0.9358657487401875,276.4084933982402,240.96886550816504
180,0.08434786417704809,0.08363298709345889,0.0830923011762174,177,33.541261448850534,0.12250517837207174,0.9560041753141107,0.9364444480984597,273.44169408098264,239.52127600523025,33.052717415800466,0.12147447160319626,0.9564708625192101,0.9369589149051492,269.3313671139752,234.01000623008844
181,0.08448279549686305,0.08456818070953351,0.0830923011762174,177,33.671161904632704,0.12235694467236821,0.9559155308579792,0.93650568845629,274.5716958695337,240.54166620746122,34.19003778330036,0.1231700651083059,0.9559929767659723,0.9360787674846054,276.9797779702195,238.77095246385167
182,0.08436374859537978,0.0847539698739063,0.0830923011762174,177,33.591816300349386,0.12256041046174404,0.9559929105460568,0.9364058871533311,272.86535613428623,238.89221915400748,33.92786287798329,0.12277564254079773,0.9558723294105814,0.9362278668371069,276.4460059860676,243.7735780652701
183,0.08449934709501186,0.08467444648123124,0.0830923011762174,177,33.49938608451142,0.12205499190884146,0.9559364067947554,0.9366878226776244,274.411542309761,240.5398701188943,34.13275866913566,0.12345858684516033,0.9559011448592047,0.9358555889606757,277.36570669394604,242.1700713793998
184,0.08444254519067408,0.08442931097057114,0.0830923011762174,177,33.59511764170504,0.12221457821344638,0.9559419044655788,0.9365764959498257,275.0047863058471,241.04452493713336,33.93991522052743,0.12336364934140148,0.9560307766354175,0.9359253980328996,273.63339706399944,236.72248127237356
185,0.08412379976835052,0.0841108053536749,0.0830923011762174,177,33.27074296703252,0.1217783104735959,0.9561221329556046,0.9368205980325072,272.85258174343903,239.22377433345568,33.766062911454426,0.12222985241233963,0.9562256939391985,0.9365291329185145,275.0631705065767,238.07749492307727
186,0.08451788631192104,0.08348950757123405,0.0830923011762174,177,33.57389639518413,0.1224223372223656,0.9559136641390809,0.9364835820965571,273.62914055579415,239.66599281840664,33.08921731601212,0.12191198580295917,0.9565542234330404,0.9367053356151008,273.6307027336661,240.3826662796676
187,0.08421750676210993,0.08401842805476008,0.0830923011762174,177,33.526116925003656,0.12226761065049516,0.9560539160044855,0.9365451453065318,273.2717450153522,239.3980897299537,33.44384189977678,0.12114437416631474,0.9562784273623952,0.9371541441831726,275.69060415320706,237.25356796710707
188,0.08436119617662644,0.08401022082582417,0.0830923011762174,177,33.535063047605426,0.12266099999625038,0.9559975066159735,0.9363588253754688,272.7281141815861,238.8216243858281,33.3486767279206,0.12271836838851799,0.9562752242997649,0.9362987040982238,273.13437876964235,236.8280687098272
189,0.08441768410440692,0.0836760536149036,0.0830923011762174,177,33.53481172472784,0.12225749131302889,0.9559656625423226,0.9365702854030233,273.07790862472064,239.17188193608595,33.14277545194755,0.12243401115931599,0.9564618320237755,0.9364239896702631,270.9626764870401,234.6815053196264
190,0.0842617272142437,0.08420905229731099,0.0830923011762174,177,33.451032973182244,0.12234856404868302,0.9560459759743368,0.9365154501149392,272.71731911878584,238.91039777890435,33.84173128196532,0.1228804850411083,0.9561457676538562,0.9361798649258022,274.2261391097666,238.95158181462727
191,0.0844585437288354,0.08403775880099723,0.0830923011762174,177,33.72443126578667,0.12281678659305587,0.9559354948641999,0.9362578813679013,274.2007230707517,240.0998085158234,33.34245645127531,0.1214996118004214,0.9562723950145056,0.9369346097284189,274.1035568898908,239.13192466420006
192,0.08437581204964037,0.08440491020582998,0.0830923011762174,177,33.54557080052956,0.12262164949117428,0.9559768280337604,0.9363674211595833,272.64533835785113,238.73514176577638,33.80453636741227,0.12211549984010173,0.9560805159572154,0.9365914124985969,276.9988381526319,239.9633884411221
193,0.08412508799827394,0.08435420699202713,0.0830923011762174,177,33.238121817281126,0.12168684911347664,0.9561287482058671,0.9368805551093998,272.4715790836677,238.8655715331498,34.12941827674882,0.12216833126978802,0.9560962071342984,0.9365902607736106,277.68153013424336,243.61992491238814
194,0.08427559253695335,0.08386386943952182,0.0830923011762174,177,33.412993635744016,0.12173325199306458,0.9560531282940595,0.9368493010673656,273.7090771493376,239.9124903915216,33.78929934203215,0.12325515133804356,0.9563672941807371,0.9359850199965839,272.524397285915,238.78784907451208
195,0.08443173548311778,0.0840487315876591,0.0830923011762174,177,33.617942254595,0.12251382505705215,0.9559384549039776,0.9364082574395104,273.86200124419844,239.90115334276774,34.1766779972381,0.1233383866649341,0.9562371257873102,0.9359188347277231,275.22008950134483,240.3078257781701
196,0.08435208460585555,0.0832058239844422,0.0830923011762174,177,33.46844039746978,0.12237487998441837,0.9560064587895708,0.9365029615963676,273.7085156620698,239.8835409530397,32.60449226496148,0.12150117600574573,0.9566994569969103,0.9369178103399622,268.92685042499727,236.83451866911793
197,0.08432372601749505,0.0845034637385919,0.0830923011762174,177,33.55765661383074,0.12258661150317025,0.9559986728857239,0.9363744126050383,272.9145937862164,239.00877335050598,34.29548414618402,0.12330206992148136,0.956006566063666,0.9359399052327676,279.77783091161353,245.50780284837435
198,0.08450078584098746,0.08391578146215395,0.0830923011762174,177,33.682832370220304,0.1222516571151591,0.9559150336499594,0.9365641291290351,275.3376340903279,241.29465180035075,33.38171507214387,0.12156464606932806,0.956325732143762,0.9368944433078313,273.0736235105362,236.3799211585524
199,0.08439095253590266,0.08355510378962104,0.0830923011762174,177,33.615571342342,0.12215730915139768,0.9559811244878706,0.936618880529173,274.45191352898826,240.4698764131594,33.21022195163044,0.12169106667892404,0.9565275414728618,0.9368466617360826,269.1370923792776,232.2955307297223
200,0.08425269249436622,0.08369420790686335,0.0830923011762174,177,33.346690046291776,0.12190268593802914,0.9560458970054259,0.9367451889366863,273.5167170285879,239.82232196775985,33.956358071189314,0.12286052060888542,0.9564460954035594,0.9362104146742976,275.5852608803279,236.96467421787824
201,0.08447001818013065,0.08309594985431658,0.0830923011762174,177,33.668531382739545,0.1225224621134522,0.9559317356514393,0.9364293354779956,274.46414304080406,240.4376617341633,32.407303438716156,0.12054183084151547,0.956783839995332,0.9374723989565465,268.6166518228017,233.26454453284023
202,0.08451400598093686,0.08334648707756954,0.0830923011762174,177,33.80812659145111,0.12282699821403438,0.955921843607426,0.9362706724191925,274.89959759633825,240.70941072668487,33.29216849357211,0.12212420635587541,0.9566363586920112,0.9366022496567723,272.6279311544034,238.26505023731025
203,0.08432901518795699,0.08296250711855338,0.08296250711855338,203,33.54837418023408,0.12233573468491045,0.9559980362075884,0.9365127566914353,273.8612924149832,239.97349980626365,32.239157554142984,0.12088976445673072,0.956838509125267,0.9372820243522983,267.34426653560575,235.30433662868094
204,0.08410163897563384,0.08384964816829188,0.08296250711855338,203,33.344417857337255,0.12187846630056419,0.9561249166979366,0.9367585445682254,273.0206763144017,239.33200315162625,33.56427839023589,0.12109603950480094,0.9563608636265762,0.937164493242806,276.75613277585734,240.51183041727307
205,0.08411568110445845,0.08358563159420511,0.08296250711855338,203,33.22110450382515,0.12189598528748552,0.9561310071134965,0.9367682027064105,272.0315788264459,238.4433644044249,33.45053923548683,0.12233927687938853,0.9564931612284202,0.9364762824962063,271.64591034875565,237.8924047489926
206,0.0842840196494292,0.08311554335667289,0.08296250711855338,203,33.49569592205816,0.12205356159692798,0.9560197182899418,0.9366648299031636,273.9374056290275,240.101945446518,32.63042472890248,0.12066339017457534,0.9567523208089218,0.9373848532400155,270.3032716747731,235.41267516862325
207,0.08396384998251788,0.08432049884199394,0.08296250711855338,203,33.25762448178289,0.12144554301993005,0.9561939067540811,0.936990326032587,272.8827893117077,239.27525406913043,34.11174970443094,0.12262066599871099,0.9561047990672468,0.936343138665107,277.9633886895976,242.85557553158662
208,0.08449564599922155,0.0838011998448602,0.08296250711855338,203,33.81886468712627,0.12280451935798938,0.9559140071914994,0.9362715558479912,274.70220845957067,240.5308245795605,33.57054077037672,0.12214978570029014,0.9563747902746315,0.936591558265106,272.2454349068022,235.28523254095163
209,0.0839680788362721,0.08299511228811397,0.08296250711855338,203,33.269214004699116,0.12157744312509051,0.9561881122202881,0.9369155490787112,272.90226490217225,239.30851042429398,32.47373985753051,0.12040330322993978,0.9568311414672788,0.9375508497316556,267.6828833376634,231.76033426561332
210,0.08404100788069993,0.08340845723929348,0.08296250711855338,203,33.363291110833046,0.12232298107102682,0.9561597768317228,0.9365159584840581,271.7765448998465,238.06448386726376,33.32109872654463,0.12278580277199275,0.9565899619079464,0.9362386435135828,270.4844579129727,236.29126725581338
211,0.08411082623631139,0.08366956454583867,0.08296250711855338,203,33.42465568899594,0.12224119463924812,0.9561302448368598,0.936574767278397,273.0787211303611,239.30696456036605,33.5442773546919,0.12261209039944679,0.9564462322474976,0.9363293665073328,272.28786261792226,237.49236667776006
