epoch,train_loss,val_loss,best_val_loss,best_epoch,train_score_mse,train_score_nmse,train_score_cos,train_score_corr,train_target_energy,train_pred_energy,val_score_mse,val_score_nmse,val_score_cos,val_score_corr,val_target_energy,val_pred_energy
1,6332.065852864584,4540.11953125,4540.11953125,1,6332.065852864584,0.8371063775486416,0.8409935199991904,-0.40837905382116635,7564.974826388889,131.78104322984194,4540.11953125,0.5973158717155457,0.8854667186737061,-0.25113508105278015,7600.8740234375,538.120361328125
2,3420.0516710069446,2476.326904296875,2476.326904296875,2,3420.0516710069446,0.4522547423839569,0.8838910632663303,-0.12769950760735405,7563.155230034722,1260.851416015625,2476.326904296875,0.328789484500885,0.8824991226196289,-0.06198469549417496,7531.695703125,2205.9451171875
3,2061.0064615885417,1743.23388671875,1743.23388671875,3,2061.0064615885417,0.2724788225359387,0.8839645518196954,-0.05441432785656717,7565.2111219618055,3080.003542751736,1743.23388671875,0.23057334125041962,0.8839458227157593,-0.05179928690195083,7560.761328125,4015.45595703125
4,1638.0012885199653,1567.6025390625,1567.6025390625,4,1638.0012885199653,0.21673931843704647,0.8836830152405633,-0.05766828490628136,7557.547016059028,4653.844694010417,1567.6025390625,0.20743395388126373,0.8838376879692078,-0.0670330673456192,7557.11650390625,5249.26142578125
5,1550.823508029514,1544.708837890625,1544.708837890625,5,1550.823508029514,0.2050885127650367,0.8838980158170064,-0.0810779439078437,7561.928754340278,5566.562955729167,1544.708837890625,0.20446125268936158,0.8834667325019836,-0.10443774610757828,7555.2435546875,5828.4224609375
6,1541.1601019965278,1536.541845703125,1536.541845703125,6,1541.1601019965278,0.203854552242491,0.8838672876358032,-0.12881913615597618,7560.630099826389,5936.572026909722,1536.541845703125,0.20297752618789672,0.884279203414917,-0.1621979534626007,7570.3001953125,6011.90703125
7,1539.509228515625,1552.10869140625,1536.541845703125,6,1539.509228515625,0.20357119407918717,0.8839661108122931,-0.17212593919701047,7562.825737847223,6031.607269965278,1552.10869140625,0.20606421530246735,0.8824264168739319,-0.18288444280624389,7532.73076171875,6038.8294921875
8,1539.229638671875,1535.348486328125,1535.348486328125,8,1539.229638671875,0.20354150334993998,0.8839816172917684,-0.1770102189646827,7562.5416883680555,6030.4509765625,1535.348486328125,0.2027779757976532,0.8844588041305542,-0.15534843802452086,7571.63662109375,6026.00556640625
9,1540.7170871310764,1538.827587890625,1535.348486328125,8,1540.7170871310764,0.20380958086914486,0.8838155216640896,-0.1429241743352678,7559.893240017361,6021.647547743056,1538.827587890625,0.20342226922512055,0.8840345859527587,-0.14498077630996703,7564.7283203125,6021.27607421875
10,1533.2452582465278,1542.5887451171875,1535.348486328125,8,1533.2452582465278,0.20237890415721468,0.884666026963128,-0.13798980216185253,7576.413248697917,6024.857660590278,1542.5887451171875,0.2041329562664032,0.883589243888855,-0.128549462556839,7556.860546875,6034.2447265625
11,1541.7829264322916,1541.039794921875,1535.348486328125,8,1541.7829264322916,0.20402507980664572,0.8836674332618714,-0.1223258235388332,7557.064767795139,6031.498871527778,1541.039794921875,0.20387915670871734,0.8836770057678223,-0.11320559829473495,7558.61787109375,6026.29990234375
12,1540.0806260850695,1537.113818359375,1535.348486328125,8,1540.0806260850695,0.20372225476635827,0.8838323460684883,-0.10362036277850468,7560.009364149306,6024.443077256945,1537.113818359375,0.20300350487232208,0.8840966343879699,-0.09274624586105347,7572.091015625,6019.5978515625
13,1539.5335774739583,1539.2995849609374,1535.348486328125,8,1539.5335774739583,0.20359916422102187,0.8838756190405952,-0.08905036565330293,7561.910850694445,6019.049533420139,1539.2995849609374,0.20349276661872864,0.8838357090950012,-0.08909138143062592,7564.565234375,6019.89609375
14,1539.1434895833333,1541.46513671875,1535.348486328125,8,1539.1434895833333,0.20356242689821455,0.8839536984761556,-0.08892919917901357,7561.534548611111,6015.0453125,1541.46513671875,0.20393050014972686,0.8836087107658386,-0.08199882209300995,7559.4578125,6017.7890625
15,1537.161154513889,1533.650732421875,1533.650732421875,15,1537.161154513889,0.2031388027800454,0.8842287593417697,-0.07568562808963987,7567.299490017361,6027.382248263889,1533.650732421875,0.20244685113430022,0.8846177339553833,-0.06690459698438644,7575.6783203125,6031.5033203125
16,1540.219504123264,1537.211669921875,1533.650732421875,15,1540.219504123264,0.20370151268111336,0.883796152803633,-0.06613975101047093,7561.452571614584,6030.095703125,1537.211669921875,0.20325117111206054,0.8841869354248046,-0.06719764769077301,7563.4537109375,6027.2486328125
17,1535.5600667317708,1533.69404296875,1533.650732421875,15,1535.5600667317708,0.2028526564439138,0.884393384721544,-0.05925525004665057,7570.336697048611,6034.893391927083,1533.69404296875,0.20250320732593535,0.8844914197921753,-0.05726034641265869,7573.71982421875,6033.6544921875
18,1540.1579915364584,1543.134619140625,1533.650732421875,15,1540.1579915364584,0.20376838710572984,0.8838014443715413,-0.0574221880071693,7558.819856770833,6023.635677083334,1543.134619140625,0.204360756278038,0.8834784388542175,-0.054812340438365935,7551.1013671875,6020.43876953125
19,1539.180392795139,1545.4267578125,1533.650732421875,15,1539.180392795139,0.20358421007792155,0.88394715918435,-0.055391324559847514,7560.646061197916,6018.525564236111,1545.4267578125,0.20465607941150665,0.8831079721450805,-0.050984150171279906,7551.43212890625,6018.5484375
20,1533.3748697916667,1541.35234375,1533.650732421875,15,1533.3748697916667,0.20241434541013506,0.8846109588940938,-0.049880299468835196,7575.981879340277,6029.393869357639,1541.35234375,0.2040426254272461,0.8837679386138916,-0.041709908097982404,7554.08115234375,6038.8318359375
21,1543.6831434461806,1532.566162109375,1532.566162109375,21,1543.6831434461806,0.2044107649061415,0.883382444911533,-0.04844575077295303,7552.169596354167,6029.5496202256945,1532.566162109375,0.20224569737911224,0.8847136497497559,-0.05295857936143875,7577.86083984375,6011.209765625
22,1541.2072726779513,1538.277734375,1532.566162109375,21,1541.2072726779513,0.20395913422107698,0.8836974607573616,-0.04993967902329233,7556.742057291666,6008.456618923611,1538.277734375,0.20345264673233032,0.884018087387085,-0.04262786582112312,7561.38046875,6012.25712890625
23,1543.7538194444444,1535.4552734375,1532.566162109375,21,1543.7538194444444,0.2044353551334805,0.883364717165629,-0.03804229282670551,7551.584483506945,6014.588628472222,1535.4552734375,0.2027234524488449,0.8843498468399048,-0.030204357206821443,7574.2326171875,6009.80556640625
24,1536.3277289496527,1553.093603515625,1532.566162109375,21,1536.3277289496527,0.20302321513493857,0.8842917826440599,-0.029116298134128252,7567.563107638889,6019.75390625,1553.093603515625,0.20623193979263305,0.882304573059082,-0.027535781636834143,7530.83828125,6031.59130859375
25,1538.3762993706598,1539.2395751953125,1532.566162109375,21,1538.3762993706598,0.20338096883561876,0.8840294440587362,-0.02606498673558235,7564.175889756944,6033.422591145833,1539.2395751953125,0.2035571575164795,0.8838537096977234,-0.02628052532672882,7561.7904296875,6030.226171875
26,1538.6672417534721,1546.1396240234376,1532.566162109375,21,1538.6672417534721,0.2034714721971088,0.8839482572343614,-0.029295755012167825,7562.339474826389,6020.1117947048615,1546.1396240234376,0.20483797490596772,0.8830526351928711,-0.03207809664309025,7548.471875,6019.88037109375
27,1538.8950086805555,1535.3404052734375,1532.566162109375,21,1538.8950086805555,0.20351170500119528,0.883923331896464,-0.02508840494685703,7562.088172743055,6027.59013671875,1535.3404052734375,0.20289120078086853,0.8844633817672729,-0.021075411513447762,7568.35859375,6026.81083984375
28,1538.5858588324652,1531.40390625,1531.40390625,28,1538.5858588324652,0.20345740649435257,0.8840029398600261,-0.023012901345888775,7562.568500434028,6021.805034722222,1531.40390625,0.20201266705989837,0.8848989367485046,-0.022672897949814797,7580.8421875,6023.3091796875
29,1539.138560655382,1536.4781982421875,1531.40390625,28,1539.138560655382,0.20357226464483474,0.8839454187287225,-0.023479746985766624,7560.905078125,6026.202712673611,1536.4781982421875,0.2030235856771469,0.8842508554458618,-0.022839173302054407,7568.01279296875,6025.15361328125
30,1537.0139892578125,1534.7590576171874,1531.40390625,28,1537.0139892578125,0.20314585400952234,0.8842000948058234,-0.020743590344985328,7566.484060329861,6024.997547743055,1534.7590576171874,0.20273241698741912,0.8844929814338685,-0.018978297337889673,7570.8703125,6026.950390625
31,1538.973939344618,1546.36005859375,1531.40390625,28,1538.973939344618,0.20351328651110331,0.883955717086792,-0.01931206070714527,7562.264268663194,6030.630794270834,1546.36005859375,0.20504320561885833,0.8831027507781982,-0.01827344186604023,7542.43076171875,6023.7169921875
32,1537.9580674913195,1540.945556640625,1531.40390625,28,1537.9580674913195,0.20332654979493883,0.8840576436784532,-0.019240726944473055,7564.151649305555,6019.997178819444,1540.945556640625,0.20388217866420746,0.8836477279663086,-0.019116609543561935,7558.2138671875,6024.922265625
33,1537.916663953993,1533.444580078125,1531.40390625,28,1537.916663953993,0.20329490237765843,0.8840792298316955,-0.01649180849393209,7565.176931423611,6030.286729600694,1533.444580078125,0.20245844423770903,0.8846465349197388,-0.01537109687924385,7574.53291015625,6028.4083984375
34,1542.4526611328124,1524.706396484375,1524.706396484375,34,1542.4526611328124,0.2042146020465427,0.883516342110104,-0.015635425307684473,7553.278266059027,6016.178797743056,1524.706396484375,0.20069618225097657,0.8855464100837708,-0.015502874180674553,7597.324609375,6008.869140625
35,1537.5849093967013,1548.138671875,1524.706396484375,34,1537.5849093967013,0.20329150557518005,0.8841251638200548,-0.014652448644240697,7563.759233940972,6018.4423611111115,1548.138671875,0.2052839994430542,0.8829334020614624,-0.012894857861101627,7541.4580078125,6032.6974609375
36,1540.8942626953126,1533.1540771484374,1524.706396484375,34,1540.8942626953126,0.20390555659929913,0.8836827675501505,-0.013503719286786186,7557.211957465278,6019.493033854166,1533.1540771484374,0.20245506763458251,0.8846800804138184,-0.015860769152641296,7574.100390625,6013.47001953125
37,1537.181374782986,1554.017578125,1524.706396484375,34,1537.181374782986,0.20321975813971627,0.8841338157653809,-0.014664159839351971,7564.379188368055,6023.231684027778,1554.017578125,0.2064143180847168,0.8821147918701172,-0.01465606950223446,7528.857421875,6025.11123046875
38,1539.9981228298611,1532.2542724609375,1524.706396484375,34,1539.9981228298611,0.2037510163254208,0.8838146302435134,-0.014047481367985408,7558.449273003473,6028.414865451389,1532.2542724609375,0.20217026472091676,0.8847657442092896,-0.013556138798594474,7579.09619140625,6018.5845703125
39,1540.1207411024307,1537.549560546875,1524.706396484375,34,1540.1207411024307,0.20373735825220743,0.8837728765275743,-0.013572440751724773,7559.734939236111,6016.3287109375,1537.549560546875,0.20321642160415648,0.8840338706970214,-0.01409914530813694,7566.1271484375,6017.9984375
40,1535.4133951822917,1536.859033203125,1524.706396484375,34,1535.4133951822917,0.20283875829643674,0.8843839579158359,-0.011325663731743893,7569.880848524305,6022.000499131945,1536.859033203125,0.20308649241924287,0.884238350391388,-0.00986564178019762,7567.863671875,6035.715625
41,1538.8029134114583,1533.744384765625,1524.706396484375,34,1538.8029134114583,0.20348571969403162,0.883934948179457,-0.009275779107378588,7562.692057291667,6026.820833333333,1533.744384765625,0.2025991916656494,0.8845851421356201,-0.012372041679918766,7570.84794921875,6024.15244140625
42,1540.8198838975695,1557.401123046875,1524.706396484375,34,1540.8198838975695,0.20387550757990944,0.8837277068032159,-0.010893842702110608,7557.952593315972,6019.574359809028,1557.401123046875,0.2070666640996933,0.8817550301551819,-0.009224186092615128,7521.25498046875,6017.25
43,1538.7876356336806,1545.771875,1524.706396484375,34,1538.7876356336806,0.20349699291918014,0.8839575767517089,-0.00937063851290279,7562.19736328125,6015.757562934028,1545.771875,0.2048577219247818,0.8830223560333252,-0.011165685392916203,7545.73095703125,6027.865234375
44,1539.2278483072917,1537.907763671875,1524.706396484375,34,1539.2278483072917,0.20359282725387148,0.8839030292299058,-0.007989869577189286,7560.720041232639,6020.560460069444,1537.907763671875,0.2033591777086258,0.88420729637146,-0.007860290259122849,7563.00625,6021.9109375
45,1542.3715006510417,1535.869970703125,1524.706396484375,34,1542.3715006510417,0.20417395300335353,0.8835237079196506,-0.007796346685952611,7554.498958333334,6021.7265625,1535.869970703125,0.20286836624145507,0.8843550205230712,-0.00722638675943017,7571.1240234375,6009.75625
46,1538.182505967882,1556.603466796875,1524.706396484375,34,1538.182505967882,0.2033945338593589,0.884048691060808,-0.008376839756965637,7562.891710069444,6010.615147569444,1556.603466796875,0.20695670545101166,0.881915831565857,-0.009841358475387096,7521.4658203125,6023.1404296875
47,1536.5747802734375,1551.83984375,1524.706396484375,34,1536.5747802734375,0.20305740104781256,0.8842412895626492,-0.006680498313572671,7567.572504340278,6028.210308159722,1551.83984375,0.20592986643314362,0.8824258327484131,-0.007291786093264818,7535.820703125,6038.072265625
48,1539.004847547743,1532.6872314453126,1524.706396484375,34,1539.004847547743,0.20352946784761217,0.8839168813493516,-0.006973675514260928,7561.990234375,6028.8769314236115,1532.6872314453126,0.20235082507133484,0.8846154332160949,-0.006993360444903373,7574.787890625,6027.16083984375
49,1534.4047390407986,1545.8693115234375,1524.706396484375,34,1534.4047390407986,0.2026275055276023,0.8844778087404039,-0.006790798705899053,7572.850086805555,6032.482172309028,1545.8693115234375,0.20476492643356323,0.883080267906189,-0.006545364670455456,7549.798828125,6040.971484375
50,1539.509388563368,1534.321875,1524.706396484375,34,1539.509388563368,0.20362847679191165,0.8838943746354845,-0.006634554629110627,7560.730718315972,6028.93798828125,1534.321875,0.2024521827697754,0.8845413804054261,-0.005896199122071266,7579.2298828125,6013.0486328125
51,1540.5905598958334,1540.270361328125,1524.706396484375,34,1540.5905598958334,0.20381100277105968,0.8837651385201348,-0.006060626150833236,7559.17744140625,6017.572374131944,1540.270361328125,0.20380503535270691,0.8837918996810913,-0.007129808329045773,7557.85703125,6013.2251953125
52,1543.7180365668403,1529.75283203125,1524.706396484375,34,1543.7180365668403,0.2044441928466161,0.8833786368370056,-0.005801929202344683,7551.204351128472,6009.509928385417,1529.75283203125,0.20169708430767058,0.8849352121353149,-0.005730607267469168,7584.61240234375,6005.8365234375
53,1540.8472954644096,1543.9317626953125,1524.706396484375,34,1540.8472954644096,0.20385371016131507,0.883690455224779,-0.005582122970372439,7558.857921006945,6018.652886284723,1543.9317626953125,0.20441184043884278,0.8831984639167786,-0.005675262957811356,7553.9478515625,6022.701171875
54,1534.0254503038195,1527.7947265625,1524.706396484375,34,1534.0254503038195,0.2025538358423445,0.8845278475019667,-0.005389816924515698,7573.651920572916,6029.041059027778,1527.7947265625,0.20138984322547912,0.8853476047515869,-0.0066556714475154875,7586.506640625,6038.2392578125
55,1538.0116482204862,1538.17587890625,1524.706396484375,34,1538.0116482204862,0.20336580177148184,0.8840602093272739,-0.005382030384822024,7563.043120659722,6034.846245659723,1538.17587890625,0.20348558127880095,0.8841039896011352,-0.005687358882278204,7559.447265625,6027.86796875
56,1539.3416829427083,1527.2083740234375,1524.706396484375,34,1539.3416829427083,0.20358644392755296,0.8839001324441698,-0.005949937676390012,7561.375944010417,6017.409396701389,1527.2083740234375,0.2012825518846512,0.8852133870124816,-0.005917598120868206,7587.60029296875,6020.067578125
57,1540.1218858506945,1528.631201171875,1524.706396484375,34,1540.1218858506945,0.20374373859829373,0.8837832185957167,-0.005845288673622741,7559.371527777777,6020.170963541666,1528.631201171875,0.2015082985162735,0.8851715564727783,-0.005160536896437406,7585.97646484375,6018.3755859375
58,1541.5698350694445,1533.63251953125,1524.706396484375,34,1541.5698350694445,0.20403735240300497,0.8836581812964546,-0.004605262664457163,7555.529644097222,6013.020247395833,1533.63251953125,0.2024608463048935,0.8845983505249023,-0.004693075828254223,7575.296484375,6017.23427734375
59,1537.2236653645834,1540.591650390625,1524.706396484375,34,1537.2236653645834,0.20318295922544266,0.8841209477848477,-0.004672239498338766,7565.9719835069445,6021.617990451389,1540.591650390625,0.20389064848423005,0.8837682843208313,-0.0037792599759995937,7556.2271484375,6030.04443359375
60,1536.6064615885416,1545.548046875,1524.706396484375,34,1536.6064615885416,0.20306024352709454,0.8842014617390103,-0.004178442262087224,7567.4056640625,6039.971799045139,1545.548046875,0.20472283959388732,0.8830913543701172,-0.0048925754148513075,7549.540625,6032.021484375
61,1535.7896592881943,1535.1640380859376,1524.706396484375,34,1535.7896592881943,0.2028908560673396,0.8843085050582886,-0.0043700750192834275,7569.733268229166,6027.906564670139,1535.1640380859376,0.20277074575424195,0.8843992590904236,-0.00399359711445868,7572.0583984375,6030.67138671875
62,1540.9776638454862,1518.954052734375,1518.954052734375,62,1540.9776638454862,0.20388132631778716,0.8836852629979451,-0.004033997867049443,7558.515104166667,6022.7760633680555,1518.954052734375,0.19967683255672455,0.8863421559333802,-0.003926115809008479,7607.483984375,6016.27021484375
63,1538.951931423611,1543.158349609375,1518.954052734375,62,1538.951931423611,0.20353223350312974,0.8839624855253432,-0.0035519491881132125,7561.610112847222,6016.506640625,1543.158349609375,0.2043978363275528,0.8834006309509277,-0.0035512457601726056,7550.2822265625,6025.635546875
64,1538.0417995876737,1533.0769775390625,1518.954052734375,62,1538.0417995876737,0.20332700974411436,0.8840407755639818,-0.0037754625288976564,7564.601519097222,6030.205013020834,1533.0769775390625,0.20232398211956024,0.8846504211425781,-0.0037176615092903375,7577.38525390625,6034.772265625
65,1540.3796223958334,1533.0935791015625,1518.954052734375,62,1540.3796223958334,0.20378041399849786,0.8837549289067587,-0.003944750337137116,7559.515614149305,6023.106271701389,1533.0935791015625,0.2023075371980667,0.8844991207122803,-0.0026957633206620814,7578.04287109375,6010.86328125
66,1543.3865234375,1538.6970703125,1518.954052734375,62,1543.3865234375,0.20441379646460214,0.8833930783801609,-0.003655066408423914,7550.4918836805555,6009.996419270833,1538.6970703125,0.20348897874355315,0.8839732766151428,-0.0033761060796678065,7561.71787109375,6008.35146484375
67,1540.8016764322917,1550.6265625,1518.954052734375,62,1540.8016764322917,0.20386283728811477,0.8837047417958578,-0.003094157183335887,7558.320106336805,6018.962087673611,1550.6265625,0.20566899180412293,0.8824764966964722,-0.0030088954605162143,7539.5439453125,6018.3330078125
68,1544.160066731771,1543.7619384765626,1518.954052734375,62,1544.160066731771,0.20458283060126833,0.8832984103096856,-0.0034219015208590362,7548.099348958333,6008.5006727430555,1543.7619384765626,0.20440849661827087,0.8834426760673523,-0.0034798686392605305,7552.5029296875,5995.6767578125
69,1542.7748969184029,1535.5255859375,1518.954052734375,62,1542.7748969184029,0.20427884194586013,0.8834686001141866,-0.0031274355281817002,7552.572580295139,6002.050661892361,1535.5255859375,0.20287314653396607,0.8842999935150146,-0.00484438007697463,7569.184375,6011.4822265625
70,1539.157199435764,1552.6631103515624,1518.954052734375,62,1539.157199435764,0.2035326666302151,0.8839226616753473,-0.0030797716799295612,7562.514898003472,6018.4868381076385,1552.6631103515624,0.20619992315769195,0.882294774055481,-0.003548097424209118,7530.1453125,6031.6751953125
71,1536.452414279514,1531.870458984375,1518.954052734375,62,1536.452414279514,0.20302774177657235,0.8842037161191304,-0.0027894857132600413,7567.883289930555,6037.691644965278,1531.870458984375,0.20217325687408447,0.88474543094635,-0.003161660535261035,7577.39169921875,6031.6896484375
72,1539.8134819878471,1528.35703125,1518.954052734375,62,1539.8134819878471,0.20366147226757472,0.8838273896111383,-0.0031597290213944184,7561.124609375,6013.646397569444,1528.35703125,0.20150226652622222,0.8851579904556275,-0.003304089838638902,7585.32939453125,6029.39375
73,1536.1861762152778,1532.1272216796874,1518.954052734375,62,1536.1861762152778,0.2029952585697174,0.8842406657007006,-0.002672473727337395,7567.898980034723,6041.6935546875,1532.1272216796874,0.20223286747932434,0.8847700834274292,-0.0024081044364720585,7576.452734375,6026.86142578125
74,1537.9290418836806,1542.8363525390625,1518.954052734375,62,1537.9290418836806,0.2033566994799508,0.8840150396029155,-0.003131913908550309,7563.052202690972,6018.445138888889,1542.8363525390625,0.20434566140174865,0.8834706544876099,-0.002896408550441265,7550.1333984375,6025.22265625
75,1538.2345431857639,1543.158056640625,1518.954052734375,62,1538.2345431857639,0.2034047239356571,0.8840237961875068,-0.002979497254515688,7562.73994140625,6034.3240234375,1543.158056640625,0.20427453219890596,0.8833210468292236,-0.004929032456129789,7555.036328125,6017.0103515625
76,1537.5759033203126,1547.610986328125,1518.954052734375,62,1537.5759033203126,0.2032373630338245,0.8840786430570814,-0.0025022248142502375,7565.729893663194,6021.6173828125,1547.610986328125,0.2051732212305069,0.8829107046127319,-0.0025664002168923616,7542.984375,6023.33671875
77,1538.7004069010416,1532.04287109375,1518.954052734375,62,1538.7004069010416,0.20348078740967646,0.8839353972011142,-0.0029096162567536035,7562.133203125,6028.263465711805,1532.04287109375,0.20219371020793914,0.884786868095398,-0.0023081223014742138,7577.66923828125,6016.73046875
78,1534.099093967014,1541.593994140625,1518.954052734375,62,1534.099093967014,0.20256040427419875,0.8845466004477607,-0.002525994717143476,7573.7246310763885,6029.479904513889,1541.593994140625,0.20406862199306489,0.8835585832595825,-0.001955836405977607,7554.58935546875,6043.7181640625
79,1537.8386284722221,1550.1583251953125,1518.954052734375,62,1537.8386284722221,0.2033038487037023,0.884048064549764,-0.001996435307794147,7564.703927951389,6033.065310329861,1550.1583251953125,0.20566166341304778,0.8826372027397156,-0.0019471276784315706,7537.81484375,6023.096484375
80,1539.576638454861,1529.0791015625,1518.954052734375,62,1539.576638454861,0.20365278687742022,0.8838337898254395,-0.002231095695040292,7560.132378472223,6023.168250868055,1529.0791015625,0.2015977144241333,0.8850768566131592,-0.0027763538528233767,7585.20205078125,6025.3728515625
81,1541.3119574652778,1534.6352294921876,1518.954052734375,62,1541.3119574652778,0.20399797724352942,0.8836366044150459,-0.0019086450487116558,7555.69306640625,6008.905555555555,1534.6352294921876,0.20264450907707215,0.8844186544418335,-0.0027148428838700057,7573.1125,6013.63896484375
82,1536.8268744574652,1526.8192138671875,1518.954052734375,62,1536.8268744574652,0.20309956504238977,0.8842159059312609,-0.0025803197304614714,7567.178103298611,6021.694780815972,1526.8192138671875,0.20111497938632966,0.8853951692581177,-0.0014320857590064406,7591.987890625,6039.779296875
83,1539.0201416015625,1536.8962158203126,1518.954052734375,62,1539.0201416015625,0.20354974137412177,0.8839121301968892,-0.0021887270242182746,7561.175672743056,6028.629633246528,1536.8962158203126,0.20309523046016692,0.8841452717781066,-0.002116103237494826,7567.590625,6027.5912109375
84,1534.5024305555555,1542.01767578125,1518.954052734375,62,1534.5024305555555,0.20261728598011863,0.8844568398263719,-0.00231192785269943,7573.827300347222,6043.706987847222,1542.01767578125,0.20407339036464692,0.8835530161857605,-0.0014972401317209006,7556.29775390625,6042.5130859375
85,1537.5045627170139,1522.1027099609375,1518.954052734375,62,1537.5045627170139,0.20325786140229968,0.884073261419932,-0.0019029969304230892,7564.516102430555,6019.100900607639,1522.1027099609375,0.20026620328426362,0.886063277721405,-0.001405585859902203,7600.799609375,6014.4015625
86,1535.2976508246527,1548.2840087890625,1518.954052734375,62,1535.2976508246527,0.20283626980251737,0.8844001743528578,-0.002379148803366762,7569.580447048611,6021.2546875,1548.2840087890625,0.20522851645946502,0.8826879382133483,-0.002090068953111768,7544.2353515625,6048.715234375
87,1543.6003960503472,1530.8949462890625,1518.954052734375,62,1543.6003960503472,0.2044207321272956,0.8833758685323927,-0.002381994064732377,7551.344140625,6031.743923611111,1530.8949462890625,0.20193684101104736,0.884940505027771,-0.002216653728100937,7581.64619140625,5982.284765625
88,1542.9124565972222,1551.3669921875,1518.954052734375,62,1542.9124565972222,0.20429373615317875,0.8834595243136089,-0.0016627059961643277,7552.880772569444,6006.105837673611,1551.3669921875,0.20592356622219085,0.8822862267494201,-0.0012915889150463046,7533.9169921875,6020.1841796875
89,1539.997341579861,1535.58125,1518.954052734375,62,1539.997341579861,0.20371864272488488,0.8838026430871752,-0.002196196836626364,7559.857063802084,6024.156911892361,1535.58125,0.2028770089149475,0.884277594089508,-0.0009067496517673135,7569.056640625,6015.28603515625
90,1539.7970757378473,1527.7130859375,1518.954052734375,62,1539.7970757378473,0.2036481241385142,0.8838176647822062,-0.0015179353753865144,7561.361675347222,6018.6518337673615,1527.7130859375,0.20131098330020905,0.8851683378219605,-0.0025298237567767503,7588.950390625,6024.41806640625
91,1535.7926323784723,1541.2968994140624,1518.954052734375,62,1535.7926323784723,0.20290831062528822,0.884302192264133,-0.0015178917881308331,7569.282085503472,6026.854014756945,1541.2968994140624,0.20393977761268617,0.8836926221847534,-0.001136270654387772,7557.6560546875,6030.34345703125
92,1538.4181586371528,1545.4998046875,1518.954052734375,62,1538.4181586371528,0.20341539515389337,0.8839786185158623,-0.0016499479488831842,7563.423546006945,6031.516080729167,1545.4998046875,0.2048044264316559,0.8831569194793701,-0.0007783354551065714,7546.976171875,6018.9765625
93,1536.4906711154513,1538.3993896484376,1518.954052734375,62,1536.4906711154513,0.20304753614796534,0.884226307604048,-0.0012030704716582679,7567.501323784722,6027.785394965278,1538.3993896484376,0.20333684980869293,0.8838935852050781,-0.0016764095518738032,7566.0203125,6031.906640625
94,1543.7866373697916,1531.26015625,1518.954052734375,62,1543.7866373697916,0.20446608199013605,0.8833741201294794,-0.0015250654528952308,7550.639377170139,6012.36328125,1531.26015625,0.20203301608562468,0.8849390029907227,-0.0006730347289703786,7579.39853515625,6006.2798828125
95,1540.7501898871528,1532.8026611328125,1518.954052734375,62,1540.7501898871528,0.2038908988237381,0.8837309201558431,-0.0016033253205629686,7557.0919813368055,6015.133029513889,1532.8026611328125,0.2023264139890671,0.8846455335617065,-0.0015893658623099328,7575.92783203125,6015.2255859375
96,1542.3217122395833,1533.4372314453126,1518.954052734375,62,1542.3217122395833,0.2041758401526345,0.8835291081004673,-0.00154435539799225,7554.132769097222,6017.829481336806,1533.4372314453126,0.20238833725452424,0.8845746874809265,-0.00237663509324193,7576.81005859375,6003.113671875
97,1535.6376573350694,1549.8538818359375,1518.954052734375,62,1535.6376573350694,0.20289308627446492,0.8843363920847574,-0.0010988877301214314,7568.992784288194,6027.670171440972,1549.8538818359375,0.2056550770998001,0.8826475143432617,-0.0013798471773043275,7536.45625,6045.0634765625
98,1538.5216118706596,1542.0650390625,1518.954052734375,62,1538.5216118706596,0.20342917641003927,0.8839575529098511,-0.0009945471696684964,7563.396603732639,6016.543565538194,1542.0650390625,0.20416446626186371,0.8835209488868714,-0.001592209842056036,7553.16611328125,6014.685546875
99,1537.0153293185763,1538.470361328125,1518.954052734375,62,1537.0153293185763,0.20314746101697287,0.8841625081168281,-0.0011360126568534825,7566.1792209201385,6039.273285590278,1538.470361328125,0.20333977341651915,0.884014630317688,-0.0012597540560818743,7566.06572265625,6026.7744140625
100,1539.842613389757,1549.009619140625,1518.954052734375,62,1539.842613389757,0.20368172460132175,0.88383858733707,-0.0010027392704311448,7560.293988715278,6023.3091796875,1549.009619140625,0.205483016371727,0.8826548337936402,-0.0004691770416684449,7538.66640625,6015.42041015625
101,1537.8753634982638,1551.051416015625,1518.954052734375,62,1537.8753634982638,0.20331546001964146,0.8840499215655857,-0.0010057661444686043,7564.425889756944,6021.017838541667,1551.051416015625,0.20588060915470124,0.8824839115142822,-0.001390728517435491,7533.93408203125,6033.2767578125
102,1538.7398546006943,1549.7537841796875,1518.954052734375,62,1538.7398546006943,0.2034954418738683,0.8839750263426039,-0.001040515820366434,7561.803146701389,6019.194064670139,1549.7537841796875,0.20557537376880647,0.8825735092163086,-0.0011762615875340998,7538.6166015625,6024.8171875
103,1538.7115614149307,1543.612744140625,1518.954052734375,62,1538.7115614149307,0.20348061621189117,0.883934932284885,-0.0012681985351567467,7562.296647135417,6025.319205729166,1543.612744140625,0.2043386071920395,0.8833366990089416,-0.00128933135420084,7554.2560546875,6020.0720703125
104,1537.1968098958334,1536.27353515625,1518.954052734375,62,1537.1968098958334,0.20318280425336627,0.8841450452804566,-0.0006677899341512886,7566.060167100694,6031.171831597222,1536.27353515625,0.2029232233762741,0.8843222856521606,-0.0008516978312400169,7570.80224609375,6009.172265625
105,1535.5576226128471,1542.2722412109374,1518.954052734375,62,1535.5576226128471,0.20284776985645295,0.8843459433979458,-0.0011466058330067122,7570.233072916667,6038.8463758680555,1542.2722412109374,0.2041323959827423,0.883573031425476,-0.000730597588699311,7555.3318359375,6026.748828125
106,1537.8126763237847,1541.952587890625,1518.954052734375,62,1537.8126763237847,0.20329662594530318,0.8840530369016859,-0.0005739306269485193,7564.745638020833,6020.799663628472,1541.952587890625,0.20408803820610047,0.8834979057312011,0.00011658690200420097,7556.88955078125,6038.88447265625
107,1537.35947265625,1543.826904296875,1518.954052734375,62,1537.35947265625,0.20321129891607498,0.8841381708780924,-0.0008679174436514991,7565.769802517361,6030.851117621528,1543.826904296875,0.20444290935993195,0.8832995653152466,-0.0016792760230600833,7551.53515625,6019.4234375
108,1542.3559895833334,1543.86044921875,1518.954052734375,62,1542.3559895833334,0.20418835514121586,0.883496011628045,-0.0008843591245951958,7553.9775173611115,6009.429839409722,1543.86044921875,0.20444473028182983,0.8832523703575135,-0.0008298085071146488,7551.6369140625,6014.2498046875
109,1538.5511773003473,1523.73310546875,1518.954052734375,62,1538.5511773003473,0.20343327422936758,0.8839674313863118,-0.0007597951884235954,7563.158094618056,6024.658550347222,1523.73310546875,0.20045897662639617,0.8856897830963135,0.0003050219107535668,7601.4513671875,6031.4240234375
110,1535.6261121961807,1537.007421875,1518.954052734375,62,1535.6261121961807,0.2028801808754603,0.8843072202470568,-0.0006733406834731188,7569.625282118055,6021.810394965278,1537.007421875,0.2031196564435959,0.8840744137763977,-0.0010118503589183093,7567.5603515625,6060.9201171875
111,1536.8065375434028,1538.18603515625,1518.954052734375,62,1536.8065375434028,0.20309161610073515,0.8842143827014499,-0.0009000055412697192,7567.528233506944,6054.484136284722,1538.18603515625,0.20334234535694123,0.8841013669967651,-0.00025974194286391137,7564.6552734375,5997.3078125
112,1532.5257866753473,1531.1094970703125,1518.954052734375,62,1532.5257866753473,0.20225881569915347,0.8847441991170247,-0.0010851639177417382,7577.299696180556,6030.488650173611,1531.1094970703125,0.20195676684379577,0.8848957300186158,-0.0018676387611776591,7581.46728515625,6055.72646484375
113,1542.2255967881945,1547.4821533203126,1518.954052734375,62,1542.2255967881945,0.20420903133021462,0.88354049788581,-0.0008756169138198149,7552.529752604167,6018.229144965278,1547.4821533203126,0.20521914660930635,0.8829672336578369,0.0006674624848528766,7540.73798828125,5996.522265625
114,1541.2536024305555,1540.4827392578125,1518.954052734375,62,1541.2536024305555,0.20398146112759907,0.8836107677883572,-0.0008847045188304037,7556.204644097223,6012.9738172743055,1540.4827392578125,0.20374270975589753,0.8837402582168579,0.000564900680910796,7560.97314453125,6010.08212890625
115,1538.4532497829862,1538.103662109375,1518.954052734375,62,1538.4532497829862,0.20345014168156517,0.8839964389801025,-0.0007326998328305005,7562.251801215278,6030.8208984375,1538.103662109375,0.20334968864917755,0.8839722275733948,-0.0005424067378044129,7563.8837890625,6010.2677734375
116,1538.6332085503473,1523.7850830078125,1518.954052734375,62,1538.6332085503473,0.2034611334403356,0.8839547051323785,-0.0007354452898855218,7562.511295572916,6016.4341796875,1523.7850830078125,0.20067181587219238,0.8857803344726562,-0.0007258222904056311,7593.4802734375,6030.75693359375
117,1541.5888780381945,1556.16357421875,1518.954052734375,62,1541.5888780381945,0.20401565399434832,0.8836314770910475,-0.0007863293847347248,7556.4528211805555,6015.583127170139,1556.16357421875,0.2068433493375778,0.8818282604217529,-9.182614157907665e-05,7523.645703125,6011.587890625
118,1540.8619927300347,1539.113427734375,1518.954052734375,62,1540.8619927300347,0.2038878192504247,0.8837228020032247,-0.0005166881847091848,7557.67021484375,6015.823025173611,1539.113427734375,0.20348899066448212,0.8839130401611328,-0.001293663156684488,7563.90458984375,6025.02197265625
119,1534.9798611111112,1531.781396484375,1518.954052734375,62,1534.9798611111112,0.20275315013196732,0.8844109031889174,-0.0009058866877846109,7570.94541015625,6033.364973958333,1531.781396484375,0.20215053856372833,0.8847382187843322,-0.0012154464493505657,7577.5328125,6034.3458984375
120,1540.632861328125,1545.049365234375,1518.954052734375,62,1540.632861328125,0.20384310483932494,0.8837075763278537,-0.0008123879954736266,7558.401888020833,6021.288802083333,1545.049365234375,0.2047608494758606,0.8832577705383301,-0.0008162200218066573,7545.6326171875,6019.7380859375
121,1541.805441623264,1537.088720703125,1518.954052734375,62,1541.805441623264,0.204066198070844,0.8835713028907776,-0.0004617894897819497,7555.765125868055,6018.1585069444445,1537.088720703125,0.20309348106384278,0.8841692924499511,0.000949605240020901,7568.759765625,6014.1986328125
122,1541.8331244574654,1550.82607421875,1518.954052734375,62,1541.8331244574654,0.20408123234907785,0.8836152262157864,-0.0009369541619283458,7555.283723958333,6008.0302951388885,1550.82607421875,0.2057314246892929,0.8826222658157349,-0.00041355297435075045,7538.12314453125,6037.4193359375
123,1536.7558702256945,1538.6723388671876,1518.954052734375,62,1536.7558702256945,0.2031174444490009,0.8841913779576619,-0.0008457282811933611,7566.077191840278,6026.869270833334,1538.6723388671876,0.20350857675075532,0.8838918685913086,0.00036094679962843655,7561.271484375,6050.9228515625
124,1540.902322048611,1541.9068359375,1518.954052734375,62,1540.902322048611,0.2038834595017963,0.8836975733439127,-0.0008356755049640519,7558.139442274305,6027.6344618055555,1541.9068359375,0.2040465295314789,0.8835662841796875,-0.00044483384117484094,7557.334375,6015.8837890625
125,1540.3813178168402,1531.563037109375,1518.954052734375,62,1540.3813178168402,0.20381401048766243,0.8837682406107584,-0.0006710411756001931,7558.251258680555,6015.522612847222,1531.563037109375,0.20205477476119996,0.8847859501838684,-0.0003763516258914024,7580.76279296875,6039.08486328125
126,1539.8289876302083,1554.208984375,1518.954052734375,62,1539.8289876302083,0.2036725895272361,0.8838137043846979,-0.0003150282867459787,7560.6945203993055,6017.785221354166,1554.208984375,0.2065490663051605,0.8820402145385742,-0.0005985600233543664,7524.9076171875,6032.882421875
127,1539.5789605034722,1533.066064453125,1518.954052734375,62,1539.5789605034722,0.20360857248306274,0.8838196145163641,6.47492984878934e-05,7561.822265625,6024.9055772569445,1533.066064453125,0.20228880941867827,0.8845850944519043,-0.0009320316137745976,7578.627734375,6028.110546875
128,1543.6792073567708,1551.564990234375,1518.954052734375,62,1543.6792073567708,0.20446337428357866,0.8833548426628113,-0.0005384676818115016,7550.529296875,6018.167621527778,1551.564990234375,0.20598945021629333,0.8824133276939392,0.00021823570132255553,7532.409375,5973.327734375
129,1540.001123046875,1526.3447265625,1518.954052734375,62,1540.001123046875,0.20372371938493516,0.8837787601682875,-0.00040542880602869344,7559.4956271701385,6012.481336805556,1526.3447265625,0.20100054740905762,0.8854381084442139,-0.0012932211859151721,7593.84267578125,6015.16103515625
130,1538.57470703125,1544.065869140625,1518.954052734375,62,1538.57470703125,0.20345106952720218,0.8839863419532776,-0.00011002837466852118,7562.6298828125,6024.280447048611,1544.065869140625,0.20453535318374633,0.8832932233810424,-0.0005903806537389755,7549.46103515625,6020.59296875
131,1540.0310872395833,1535.5049560546875,1518.954052734375,62,1540.0310872395833,0.2037261681424247,0.8837958349121942,-0.0007727933604554791,7559.704752604167,6014.396766493055,1535.5049560546875,0.20288952589035034,0.8843499422073364,-0.0007379397749900818,7568.5998046875,6010.279296875
132,1538.321875,1542.906396484375,1518.954052734375,62,1538.321875,0.20341544051965077,0.8840089109208848,-0.000504160857397235,7562.895030381945,6030.607020399306,1542.906396484375,0.20433425903320312,0.8835236310958863,-0.0005900661099985882,7551.408203125,5999.51298828125
133,1537.7096842447916,1534.68251953125,1518.954052734375,62,1537.7096842447916,0.2032769368754493,0.8840901242362128,-0.00045793040674955895,7565.126453993055,6028.8515407986115,1534.68251953125,0.20269575715065002,0.8845774412155152,0.0006065092980861664,7571.50888671875,6013.8123046875
134,1539.1936848958333,1524.751416015625,1518.954052734375,62,1539.1936848958333,0.20359851684835223,0.8838799887233311,-0.00042099543950623936,7560.121158854166,6018.180837673611,1524.751416015625,0.20078328251838684,0.885623288154602,-0.0015425250167027116,7594.0609375,6037.6181640625
135,1539.2392768012153,1553.7222900390625,1518.954052734375,62,1539.2392768012153,0.20357607338163589,0.8838927295472887,-0.0002849637802379827,7561.529503038195,6011.289485677084,1553.7222900390625,0.20646665394306182,0.8821573972702026,-0.0004616989564965479,7525.39267578125,6057.9724609375
136,1541.026095920139,1541.053759765625,1518.954052734375,62,1541.026095920139,0.20395254128509097,0.8837109168370565,-0.00045488282909597426,7556.324652777777,6024.669487847223,1541.053759765625,0.20390355885028838,0.8837426424026489,-0.0012913928949274123,7558.1744140625,6015.3908203125
137,1545.103941514757,1546.540966796875,1518.954052734375,62,1545.103941514757,0.2047133723894755,0.883193662431505,-0.0006569783560634177,7548.044357638889,6000.671506076389,1546.540966796875,0.20500459671020507,0.8829554319381714,-0.0002867461909772828,7544.85185546875,6002.3337890625
138,1538.3346299913194,1551.054296875,1518.954052734375,62,1538.3346299913194,0.2034058666891522,0.8839793165524801,-0.0006393850773848599,7563.019325086805,6036.715581597222,1551.054296875,0.20584959387779236,0.882451057434082,-0.00016890321858227254,7535.05859375,5998.746875
139,1538.884730360243,1531.351025390625,1518.954052734375,62,1538.884730360243,0.20350982944170634,0.8839438438415528,-0.0002561317506964163,7562.100944010416,6015.841959635417,1531.351025390625,0.20207568109035492,0.8848689794540405,-0.0014503406593576074,7578.21572265625,6054.8560546875
140,1535.5982693142362,1549.8239990234374,1518.954052734375,62,1535.5982693142362,0.20292964279651643,0.8843216975529988,-0.0004069924545774484,7567.600954861111,6033.506358506945,1549.8239990234374,0.20575366616249086,0.8826281547546386,0.0002558962325565517,7534.04326171875,6029.4708984375
141,1540.0614095052083,1534.0439453125,1518.954052734375,62,1540.0614095052083,0.20373633801937102,0.8837905420197381,-0.00040720406266498484,7559.363248697917,6025.0151584201385,1534.0439453125,0.20251118242740632,0.8844565391540528,-0.000650911487173289,7575.1166015625,6007.6716796875
142,1540.751953125,1532.0779541015625,1518.954052734375,62,1540.751953125,0.20388948520024616,0.8837262882126702,-0.0006643032814407788,7557.077473958333,6013.172504340278,1532.0779541015625,0.20212051570415496,0.8847960948944091,0.00019098759221378714,7580.10625,6012.73828125
143,1537.8569010416666,1536.6462646484374,1518.954052734375,62,1537.8569010416666,0.2033167517847485,0.8840682241651747,-0.000651619670033041,7564.251508246528,6034.631705729166,1536.6462646484374,0.20309078991413115,0.8842067122459412,0.0008085630950517952,7566.302734375,5998.0841796875
144,1540.03994140625,1540.40205078125,1518.954052734375,62,1540.03994140625,0.20372616085741255,0.883811797036065,-0.0003146881474372599,7559.678786892361,6026.63125,1540.40205078125,0.20385484397411346,0.8838138818740845,-0.0013777499552816153,7557.0552734375,6007.3349609375
145,1536.5140353732638,1533.126318359375,1518.954052734375,62,1536.5140353732638,0.2030453105767568,0.884182600180308,-0.00040634463948663324,7567.548448350694,6023.607855902777,1533.126318359375,0.20238390266895295,0.8846275329589843,-0.0004744193749502301,7575.36484375,6026.35869140625
146,1536.721617296007,1536.167724609375,1518.954052734375,62,1536.721617296007,0.20309976836045582,0.8842107878790961,-0.0005760336213926267,7566.673491753472,6027.724934895833,1536.167724609375,0.20299691557884217,0.88421550989151,0.00010654309298843145,7568.1103515625,6014.2984375
147,1537.7039794921875,1537.225927734375,1518.954052734375,62,1537.7039794921875,0.20329446097215018,0.8840713792377048,-0.000594704864488449,7564.1943576388885,6029.531532118055,1537.225927734375,0.20323497653007508,0.8840986132621765,0.0004597291044774465,7563.974609375,6005.5951171875
148,1534.3118326822917,1531.503466796875,1518.954052734375,62,1534.3118326822917,0.2026293721463945,0.8844766828748915,-0.0004712235680522604,7572.3090603298615,6031.634407552084,1531.503466796875,0.20202326774597168,0.8848085880279541,-0.0008122654748149216,7581.39716796875,6045.67822265625
149,1543.1155029296874,1540.45908203125,1518.954052734375,62,1543.1155029296874,0.20432503687010872,0.8834304571151733,-0.0005578102492209938,7552.614214409722,6015.950368923611,1540.45908203125,0.20381244421005248,0.8836492538452149,-0.0007396223256364465,7558.238671875,5970.32392578125
150,1542.8859781901042,1542.37841796875,1518.954052734375,62,1542.8859781901042,0.2042676630947325,0.883424519168006,-0.00035086659287723404,7553.523090277778,6009.182118055555,1542.37841796875,0.2041972041130066,0.883524751663208,-0.0006387464265571908,7553.6220703125,6007.17392578125
151,1539.3042399088542,1533.67978515625,1518.954052734375,62,1539.3042399088542,0.2036058591471778,0.8838748441802131,-0.0002572805701270732,7560.4298828125,6026.0654296875,1533.67978515625,0.20247460007667542,0.8845181345939637,-2.6134814834222198e-05,7574.799609375,6026.4826171875
152,1534.4216498480903,1542.7341552734374,1518.954052734375,62,1534.4216498480903,0.202654187546836,0.8844496409098307,-0.00022762946706886094,7571.900520833334,6028.587608506945,1542.7341552734374,0.20425009429454805,0.8834984302520752,-0.000623806903604418,7553.7076171875,6066.25419921875
153,1538.065611436632,1543.50927734375,1518.954052734375,62,1538.065611436632,0.2033558643526501,0.8840168078740438,-0.0005255056536043412,7563.847439236111,6028.644585503473,1543.50927734375,0.20432883501052856,0.8834052920341492,-0.0010120233928319067,7554.79169921875,6053.30927734375
154,1542.7514105902778,1534.24248046875,1518.954052734375,62,1542.7514105902778,0.2042259199751748,0.8834834019343059,-0.0005259612980201685,7554.5734266493055,6010.173177083333,1534.24248046875,0.20256902575492858,0.884477686882019,-0.0002414609189145267,7573.96162109375,6028.6216796875
155,1538.758273654514,1536.65703125,1518.954052734375,62,1538.758273654514,0.20347801281346214,0.8839609993828668,-0.00035479718891211735,7562.456770833333,6023.130946180556,1536.65703125,0.20310390889644622,0.8841356873512268,0.0008535672794096171,7566.3359375,6014.41162109375
156,1534.1764431423612,1546.137109375,1518.954052734375,62,1534.1764431423612,0.20259615646468268,0.8844834513134426,-0.00014972930536411393,7572.808279079861,6049.457562934028,1546.137109375,0.2049424856901169,0.8830955266952515,-0.00029622195288538935,7544.2525390625,6007.05859375
157,1539.7652235243056,1546.146728515625,1518.954052734375,62,1539.7652235243056,0.20367860794067383,0.8838160885704889,-0.0007748942505107455,7560.111610243055,6021.423828125,1546.146728515625,0.2049116462469101,0.8830689549446106,-0.00031126360700000076,7545.7439453125,5997.005859375
158,1539.1973470052083,1538.099072265625,1518.954052734375,62,1539.1973470052083,0.20358371635278066,0.8838881426387363,-0.00016850623184533713,7560.753526475694,6018.960763888889,1538.099072265625,0.20329808592796325,0.8840402007102967,0.00035013463348150254,7566.08427734375,6011.4478515625
159,1537.4806694878473,1545.0755615234375,1518.954052734375,62,1537.4806694878473,0.20322446458869511,0.8841278248363071,-4.5598427661591103e-05,7565.644563802083,6027.496918402778,1545.0755615234375,0.2047082245349884,0.8831598281860351,0.0006508233956992627,7548.08154296875,6022.51875
160,1541.4261176215277,1538.9923828125,1518.954052734375,62,1541.4261176215277,0.20402258601453568,0.8836365222930909,-0.00032075646191111044,7555.610622829861,6014.048784722222,1538.9923828125,0.203497314453125,0.8839556694030761,-0.0014971431577578188,7562.90166015625,6010.12890625
161,1538.7964626736111,1541.9143798828125,1518.954052734375,62,1538.7964626736111,0.20350348287158543,0.8839725282457139,-0.0005207029843909873,7561.986555989583,6030.406315104166,1541.9143798828125,0.20410111248493196,0.8835806012153625,-0.0009420817019417882,7554.9712890625,6015.0482421875
162,1537.531032986111,1537.1709716796875,1518.954052734375,62,1537.531032986111,0.20324864983558655,0.884093165397644,-0.00015598789209939746,7565.084027777778,6016.545453559028,1537.1709716796875,0.20314581394195558,0.8841701745986938,2.0705180941149592e-05,7567.3064453125,6034.122265625
163,1539.4451253255208,1529.70048828125,1518.954052734375,62,1539.4451253255208,0.20361471275488535,0.8838357263141208,0.0002855424565495923,7560.963519965278,6018.976725260417,1529.70048828125,0.2018515169620514,0.8850782036781311,0.00030836115474812685,7578.657421875,6060.26103515625
164,1540.8430826822917,1534.1921875,1518.954052734375,62,1540.8430826822917,0.20387032992309995,0.8837010025978088,0.0001678178364980138,7558.34921875,6022.191840277777,1534.1921875,0.2026403546333313,0.8845573186874389,0.0003342680400237441,7571.0626953125,6047.1072265625
165,1534.4406901041666,1514.431787109375,1514.431787109375,165,1534.4406901041666,0.2026311053170098,0.884438407421112,-0.0007878228064833416,7573.003428819445,6033.490245225695,1514.431787109375,0.19876897931098939,0.8869637727737427,-0.0005351732294002432,7619.089453125,6064.175
166,1535.7804361979167,1530.0291015625,1514.431787109375,165,1535.7804361979167,0.2029048591852188,0.8843297931883071,-0.00024933731813992687,7569.264735243056,6040.343608940972,1530.0291015625,0.20173733532428742,0.8849297761917114,-0.0008539546630345285,7584.56728515625,6043.30234375
167,1532.8847764756945,1527.9420654296875,1514.431787109375,165,1532.8847764756945,0.20234636465708414,0.8846765001614888,-0.00022754782977345812,7575.866427951389,6045.577408854167,1527.9420654296875,0.2014577716588974,0.8852204084396362,-0.000994194217491895,7584.5236328125,6032.7173828125
168,1539.1753879123264,1535.07138671875,1514.431787109375,165,1539.1753879123264,0.20356911023457844,0.8839005735185411,-0.0002535026337176936,7561.3384765625,6022.651150173611,1535.07138671875,0.20273941159248351,0.8844013690948487,-9.665319230407476e-05,7571.70087890625,6010.0650390625
169,1538.9481987847223,1545.049267578125,1514.431787109375,165,1538.9481987847223,0.2035465998782052,0.8839334660106235,-0.00018929838746165235,7561.076019965278,6030.268109809028,1545.049267578125,0.20469636619091033,0.8832786560058594,-0.001472947606089292,7548.225,5986.556640625
170,1536.6772786458334,1545.810107421875,1514.431787109375,165,1536.6772786458334,0.20306679473982917,0.8842178622881571,-0.0004030958316030188,7567.674924045139,6018.317339409722,1545.810107421875,0.2047949105501175,0.8831299901008606,-0.0012475259602069855,7548.096484375,6032.0623046875
171,1535.2122884114583,1538.51181640625,1514.431787109375,165,1535.2122884114583,0.2027752078241772,0.8843273639678955,-0.00043791494438967976,7571.249197048611,6047.012868923611,1538.51181640625,0.20345508456230163,0.8841005563735962,-0.00047115423949435354,7562.396484375,6010.7611328125
172,1537.2199625651042,1533.730615234375,1514.431787109375,165,1537.2199625651042,0.20319094525443182,0.8841041591432359,0.00010756596311694011,7565.977962239584,6021.134353298611,1533.730615234375,0.20249737203121185,0.8845018863677978,0.0003143573529087007,7574.386328125,6020.0775390625
173,1539.3831976996528,1533.2645263671875,1514.431787109375,165,1539.3831976996528,0.2036310229036543,0.883882138464186,-0.0004243819230598294,7560.191145833333,6029.193901909723,1533.2645263671875,0.2024328112602234,0.8848346948623658,0.0012336392210272606,7574.189453125,5996.0216796875
174,1538.8346028645833,1526.555908203125,1514.431787109375,165,1538.8346028645833,0.2034805672036277,0.8839759402804904,-0.00017909401342169277,7562.939051649306,6024.169769965278,1526.555908203125,0.20110369026660918,0.8854357719421386,-0.0001275949296541512,7590.89453125,6014.439453125
175,1534.5197265625,1543.00458984375,1514.431787109375,165,1534.5197265625,0.20263556838035585,0.8844722019301521,-0.0004171734307924958,7573.023101128472,6036.633246527777,1543.00458984375,0.20428360402584075,0.8834772109985352,0.000766806500905659,7553.28974609375,6014.0341796875
176,1533.18466796875,1536.2328369140625,1514.431787109375,165,1533.18466796875,0.2023997618092431,0.8846233394410875,-5.125627406717589e-05,7575.3861328125,6039.117740885416,1536.2328369140625,0.2029656618833542,0.8842653036117554,0.0006697833072394132,7569.0330078125,6046.60341796875
177,1537.556486002604,1526.13330078125,1514.431787109375,165,1537.556486002604,0.20325684779220157,0.8841107659869724,-2.6160990819334985e-05,7564.974110243055,6026.740885416667,1526.13330078125,0.2010135382413864,0.885516619682312,-0.0005173244047909975,7592.8447265625,6015.9703125
178,1535.9512478298611,1532.4955810546876,1514.431787109375,165,1535.9512478298611,0.20289822154574924,0.8842651605606079,-0.0003976780455559492,7570.381184895833,6034.556141493055,1532.4955810546876,0.20220204889774324,0.8846404790878296,-0.00035872262669727205,7579.3044921875,6041.1759765625
179,1540.573583984375,1543.6825927734376,1514.431787109375,165,1540.573583984375,0.20383133424652947,0.8837139513757494,0.00012867605942624828,7558.371831597222,6009.691579861111,1543.6825927734376,0.20446386635303498,0.88345308303833,0.00013408851809799672,7550.23955078125,6063.88388671875
180,1539.1192138671875,1542.54970703125,1514.431787109375,165,1539.1192138671875,0.20352281994289823,0.8839202205340068,-0.0005082978337971629,7562.588541666667,6024.714756944444,1542.54970703125,0.20421036183834076,0.8835170984268188,-0.0013711464474909008,7554.151953125,6044.0380859375
181,1540.5399712456597,1536.20029296875,1514.431787109375,165,1540.5399712456597,0.2038451502720515,0.8837409125434028,-7.691308492212557e-05,7557.726595052083,6018.638042534722,1536.20029296875,0.20301774144172668,0.8842480659484864,0.0003267326741479337,7566.93408203125,5999.341796875
182,1538.3181179470487,1538.08017578125,1514.431787109375,165,1538.3181179470487,0.2034223755200704,0.8840279314253066,-0.000502649843110703,7562.544683159722,6029.4353515625,1538.08017578125,0.2032905101776123,0.8839909791946411,-0.0007385564502328634,7565.979296875,6037.67763671875
183,1541.8182427300346,1546.73408203125,1514.431787109375,165,1541.8182427300346,0.20410465266969469,0.8835759878158569,9.824973943371637e-05,7554.434895833333,6012.310416666666,1546.73408203125,0.2049747109413147,0.8828967094421387,-0.0003203473752364516,7546.05078125,6029.57333984375
184,1538.1353841145833,1549.109814453125,1514.431787109375,165,1538.1353841145833,0.20335506366358863,0.8840333355797662,-0.00014265968283224436,7564.0464084201385,6025.153059895833,1549.109814453125,0.20548554360866547,0.8828415274620056,-0.0003627372672781348,7538.93388671875,6039.72578125
185,1534.1483642578125,1536.700390625,1514.431787109375,165,1534.1483642578125,0.20259985129038494,0.8844975789388021,-0.00041799559775325987,7572.581401909722,6030.6958224826385,1536.700390625,0.20317198932170868,0.884311294555664,-0.001029133948031813,7563.9580078125,6074.9873046875
186,1534.164640299479,1543.627001953125,1514.431787109375,165,1534.164640299479,0.20256654653284284,0.8845153503947788,-0.0003784148632096023,7573.926866319444,6041.418901909722,1543.627001953125,0.20438457727432252,0.8834699749946594,-0.00025683798812679013,7552.75029296875,6061.2626953125
187,1537.1990559895833,1540.694580078125,1514.431787109375,165,1537.1990559895833,0.20315418044726055,0.884103364414639,0.00017380770069495258,7566.914680989584,6033.868804253472,1540.694580078125,0.20383568108081818,0.883660888671875,-0.00027076022797700716,7558.5736328125,6036.3435546875
188,1540.1220730251737,1520.19677734375,1514.431787109375,165,1540.1220730251737,0.20374232530593872,0.8838068114386665,0.00023182274437405997,7559.437608506944,6024.697146267361,1520.19677734375,0.199816033244133,0.8861849427223205,-0.0004312898498028517,7608.5830078125,6024.96337890625
189,1539.1328260633682,1539.612548828125,1514.431787109375,165,1539.1328260633682,0.20355940295590294,0.8839036107063294,-4.1670740999203795e-05,7561.37763671875,6021.178569878472,1539.612548828125,0.20354389548301696,0.8839574933052063,-0.0006593710073502735,7564.18984375,6057.72529296875
190,1540.635847981771,1555.578564453125,1514.431787109375,165,1540.635847981771,0.20385090311368306,0.8837578111224704,-0.0003243844574576037,7558.023198784722,6022.753895399305,1555.578564453125,0.2066807419061661,0.8818782567977905,0.0003818865807261318,7526.52763671875,5995.34482421875
191,1535.4208957248263,1527.7727783203125,1514.431787109375,165,1535.4208957248263,0.2028570125500361,0.8843690289391412,-0.00020779731324485813,7569.3141493055555,6023.317252604166,1527.7727783203125,0.20136879980564118,0.8852658748626709,-0.00042943030130118134,7587.1455078125,6069.231640625
192,1535.8857014973958,1529.7496826171875,1514.431787109375,165,1535.8857014973958,0.2028890371322632,0.8842633141411675,-9.27215830112497e-05,7570.309440104166,6037.751258680555,1529.7496826171875,0.20175783932209015,0.8849372148513794,-0.001139121054438874,7582.21025390625,6039.7384765625
193,1538.2594509548612,1540.8919921875,1514.431787109375,165,1538.2594509548612,0.2033384750286738,0.8839947674009535,-0.00041863331053819923,7565.276909722223,6023.206857638889,1540.8919921875,0.20386237800121307,0.8836749434471131,0.0002082347054965794,7558.49814453125,6039.8416015625
194,1542.2037923177083,1530.953466796875,1514.431787109375,165,1542.2037923177083,0.20415020022127364,0.8835704220665825,0.00024296356196929183,7554.686295572917,6009.04140625,1530.953466796875,0.20193721055984498,0.8848527431488037,0.0004506660159677267,7581.4697265625,6046.2310546875
195,1538.2290635850695,1539.273486328125,1514.431787109375,165,1538.2290635850695,0.2033861110607783,0.8840309076839024,-9.687610015842235e-05,7563.346473524305,6030.392328559028,1539.273486328125,0.20344828963279724,0.883769178390503,-0.0013148305471986533,7566.3263671875,6038.37470703125
196,1543.02431640625,1542.574072265625,1514.431787109375,165,1543.02431640625,0.20435294542047713,0.8834542115529378,-0.00011307176863131948,7551.2107421875,6003.829340277778,1542.574072265625,0.20422374606132507,0.8834630727767945,-0.000768254604190588,7553.57314453125,6035.424609375
197,1537.2826551649305,1548.80615234375,1514.431787109375,165,1537.2826551649305,0.20322394503487481,0.884143246544732,-6.113632892568906e-05,7564.731597222222,6033.813823784722,1548.80615234375,0.2054508090019226,0.8826801776885986,-0.0003992875252151862,7538.65908203125,6034.916015625
198,1534.7602294921876,1551.3987548828125,1514.431787109375,165,1534.7602294921876,0.2026660763555103,0.8844122330347697,-0.00041408690319965697,7573.108485243056,6042.986881510416,1551.3987548828125,0.20592161417007446,0.8824418663978577,-0.0006024535337928683,7533.9466796875,6050.3017578125
199,1540.2836588541666,1543.882666015625,1514.431787109375,165,1540.2836588541666,0.20373617675569322,0.8837818013297187,0.00033149878565584204,7560.426844618056,6018.867274305556,1543.882666015625,0.20443697273731232,0.883351182937622,0.0013432002742774785,7552.1263671875,6034.572265625
200,1541.1335883246527,1539.68115234375,1514.431787109375,165,1541.1335883246527,0.20396012034681107,0.8836709101994832,0.000213236455197653,7556.437999131945,6010.5388671875,1539.68115234375,0.20357334911823272,0.883803641796112,0.001670205220580101,7563.4134765625,6029.5078125
201,1542.3722710503473,1524.049267578125,1514.431787109375,165,1542.3722710503473,0.20417413579093086,0.8835281173388163,0.00011778062034863978,7554.4946506076385,6008.883311631945,1524.049267578125,0.2006521701812744,0.8857049584388733,-0.0008705884458322544,7595.54638671875,5994.8359375
202,1540.2451361762153,1541.1701904296874,1514.431787109375,165,1540.2451361762153,0.20376266207959917,0.8837680260340373,-0.0005341479227354284,7559.347157118055,6031.775716145833,1541.1701904296874,0.20387333035469055,0.8836226224899292,-0.0005274577604723163,7559.536328125,5992.58017578125
203,1545.8567816840277,1541.4554443359375,1514.431787109375,165,1545.8567816840277,0.20486742357412974,0.883139145374298,-4.907747740314032e-05,7546.004568142361,6006.371625434028,1541.4554443359375,0.2039783626794815,0.8836995720863342,0.0009521533502265811,7557.25234375,5976.072265625
204,1540.7187879774306,1540.97724609375,1514.431787109375,165,1540.7187879774306,0.20383445289399887,0.8837246855099996,0.00016671733279104552,7558.939778645833,6010.669769965278,1540.97724609375,0.20386427640914917,0.8836177349090576,0.0010111075243912637,7558.86533203125,5979.1181640625
205,1540.1871392144096,1542.6568603515625,1514.431787109375,165,1540.1871392144096,0.20373414721753863,0.8838060061136882,-9.917159428975234e-05,7559.989952256945,6018.289865451389,1542.6568603515625,0.2041924089193344,0.8834404826164246,-0.0002179835457354784,7555.170703125,6022.5453125
206,1537.2406277126736,1543.3312255859375,1514.431787109375,165,1537.2406277126736,0.2031672994295756,0.884143782986535,0.00037626637171746957,7566.827365451389,6032.083615451389,1543.3312255859375,0.20435039401054383,0.883408784866333,0.0005162874207599088,7552.49921875,6039.4083984375
207,1538.2821967230902,1526.148193359375,1514.431787109375,165,1538.2821967230902,0.20338340434763166,0.8839865711000231,-0.00020774937584064901,7563.733485243056,6026.9694227430555,1526.148193359375,0.20099451243877411,0.8854369044303894,-0.00014726531080668792,7593.096875,6046.48828125
208,1537.8112684461805,1538.4813232421875,1514.431787109375,165,1537.8112684461805,0.2033071064286762,0.884078401989407,1.945524062547419e-05,7564.191297743056,6028.978157552084,1538.4813232421875,0.20342262387275695,0.8839224338531494,0.00036161007010377945,7563.0359375,6025.4091796875
209,1535.3388346354166,1544.27626953125,1514.431787109375,165,1535.3388346354166,0.20282432138919831,0.8843499037954542,4.53060648093621e-05,7570.2053819444445,6030.2265842013885,1544.27626953125,0.20450656116008759,0.883315134048462,-2.354552270844579e-06,7551.4482421875,6068.351953125
210,1537.3530083550347,1542.0196044921875,1514.431787109375,165,1537.3530083550347,0.2032243894206153,0.8841043922636244,-0.00018397286653958468,7565.155674913194,6033.317664930555,1542.0196044921875,0.20410204231739043,0.8836703538894654,-0.00045822746469639244,7555.25224609375,5991.8146484375
211,1538.9576334635417,1533.0013671875,1514.431787109375,165,1538.9576334635417,0.20350969466898178,0.8839284870359633,-0.0003139794142043684,7562.327962239583,6024.784461805555,1533.0013671875,0.202378049492836,0.8846599340438843,-0.00031307958415709435,7575.171484375,5975.5189453125
212,1536.0848307291667,1533.006640625,1514.431787109375,165,1536.0848307291667,0.20293391777409447,0.8842487388186985,-0.0003186657222815686,7569.7016384548615,6033.449088541666,1533.006640625,0.20241704881191253,0.884624695777893,-0.0013291376875713468,7574.10625,6042.2578125
213,1540.1799018012152,1531.049560546875,1514.431787109375,165,1540.1799018012152,0.2037699066930347,0.883790644009908,0.0008163154708907112,7558.852170138889,6013.050043402778,1531.049560546875,0.20195041000843048,0.8848883390426636,0.00014876809291308746,7581.3517578125,6078.01708984375
214,1536.411656358507,1539.59638671875,1514.431787109375,165,1536.411656358507,0.20301459464761945,0.884252479341295,-0.00040405429899692535,7568.187120225694,6033.908420138889,1539.59638671875,0.20373281538486482,0.8838431119918824,-0.000248913886025548,7556.955078125,6060.5125
215,1544.344189453125,1539.2167236328125,1514.431787109375,165,1544.344189453125,0.2045593284898334,0.8832982619603474,-0.0005450314447418552,7549.901909722223,6006.7975477430555,1539.2167236328125,0.20362695753574372,0.8839237093925476,-0.00015858114056754857,7559.31884765625,6044.2689453125
216,1541.5469997829862,1537.741748046875,1514.431787109375,165,1541.5469997829862,0.20404264363977645,0.8836142195595635,-0.00014945638063687108,7555.428624131944,6012.553070746528,1537.741748046875,0.20328525602817535,0.8841086864471436,-0.0007934472116176039,7564.98115234375,6057.665234375
217,1542.3942952473958,1534.168603515625,1514.431787109375,165,1542.3942952473958,0.2041851000653373,0.8835332274436951,-0.00010655644534078117,7554.264073350694,6013.176117621528,1534.168603515625,0.2025059163570404,0.8844836950302124,0.0007174841390224174,7576.0927734375,6067.4078125
218,1539.4757432725694,1529.106884765625,1514.431787109375,165,1539.4757432725694,0.20362373722924126,0.8838663246896532,-0.00031085529768056907,7560.754448784723,6030.623567708333,1529.106884765625,0.2017047882080078,0.8851011514663696,-3.285290440544486e-05,7581.03056640625,6005.408984375
219,1534.9528238932292,1538.8408935546875,1514.431787109375,165,1534.9528238932292,0.20274024970001644,0.8844350536664327,0.00031322731786834386,7571.246875,6031.953754340278,1538.8408935546875,0.20343258678913118,0.883948290348053,-0.0002651753427926451,7564.6056640625,6024.145703125
220,1539.3413384331598,1542.912451171875,1514.431787109375,165,1539.3413384331598,0.2036138117313385,0.883904328611162,0.00015711625003152424,7560.459830729166,6024.263932291667,1542.912451171875,0.20432967841625213,0.8834013700485229,0.0003687074524350464,7551.8380859375,6017.7384765625
221,1535.752197265625,1550.00888671875,1514.431787109375,165,1535.752197265625,0.20291622314188215,0.8842824419339498,-0.0001348365965895937,7568.703819444445,6028.959212239583,1550.00888671875,0.2057588905096054,0.8826415300369262,-0.0007166404102463275,7533.1728515625,6076.2662109375
222,1542.8142686631945,1542.953857421875,1514.431787109375,165,1542.8142686631945,0.2042867021428214,0.8834908061557346,5.8428929252032605e-05,7552.341351996528,6019.441796875,1542.953857421875,0.2042827546596527,0.8834694385528564,9.210173739120364e-05,7553.83154296875,5998.2935546875
223,1540.6461100260417,1558.8361083984375,1514.431787109375,165,1540.6461100260417,0.2038717316256629,0.8837464968363444,-0.0003020018969133768,7557.256477864584,6013.502387152777,1558.8361083984375,0.2074201613664627,0.8815657019615173,0.00025885148788802327,7516.3607421875,6014.486328125
224,1541.0948404947917,1539.02353515625,1514.431787109375,165,1541.0948404947917,0.20395312541060978,0.8836729367574055,-0.0002763601673197829,7556.492176649305,6005.689008246528,1539.02353515625,0.20348030626773833,0.883850884437561,0.0006446989253163337,7564.0107421875,6057.3935546875
225,1536.9220648871528,1532.8385498046875,1514.431787109375,165,1536.9220648871528,0.20314053859975603,0.8841671731736925,-2.492361689089901e-05,7566.183311631945,6033.4267795138885,1532.8385498046875,0.20240593552589417,0.8846755504608155,0.0004586592607665807,7573.43203125,6043.9326171875
226,1536.9920464409722,1538.253369140625,1514.431787109375,165,1536.9920464409722,0.20312296549479167,0.8841700222757127,0.00018813929669300302,7567.117230902778,6035.392035590277,1538.253369140625,0.20330966711044313,0.8840120911598206,-0.0007071215426549315,7566.22470703125,6059.25986328125
227,1538.368275282118,1542.5659423828124,1514.431787109375,165,1538.368275282118,0.203422674536705,0.8840127759509616,-2.9366820753138098e-05,7562.6806640625,6024.432942708333,1542.5659423828124,0.2042204886674881,0.8835041999816895,-0.0003216172510292381,7553.7771484375,6025.0048828125
228,1539.587863498264,1532.816943359375,1514.431787109375,165,1539.587863498264,0.20365664694044325,0.8838666650984023,0.0002766681566653359,7559.9557508680555,6016.780078125,1532.816943359375,0.2023723989725113,0.8847863554954529,0.0007285833504283801,7574.3345703125,6066.6396484375
229,1538.3234157986112,1530.6673095703125,1514.431787109375,165,1538.3234157986112,0.20341486235459647,0.8840456101629469,-0.00024271809411907777,7562.915082465278,6022.54765625,1530.6673095703125,0.20185112655162812,0.8848956942558288,-0.000307686987798661,7583.3294921875,6044.7455078125
230,1535.479456922743,1552.5967041015624,1514.431787109375,165,1535.479456922743,0.20285778409904903,0.8843735933303833,-0.00016192421155412578,7569.4648220486115,6035.071940104167,1552.5967041015624,0.2061838150024414,0.8822697281837464,-0.001277314987964928,7530.38876953125,6061.037890625
231,1540.6511203342013,1535.869189453125,1514.431787109375,165,1540.6511203342013,0.20380233426888783,0.8837342792087131,-0.00027265339344416536,7559.916015625,6024.9033203125,1535.869189453125,0.2028124898672104,0.8842910170555115,0.000386284978594631,7572.9513671875,6014.0568359375
232,1539.5031222873263,1519.820556640625,1514.431787109375,165,1539.5031222873263,0.20361070268683965,0.8838423954115974,-0.0003011479747429904,7561.306792534722,6020.677495659722,1519.820556640625,0.19965101182460784,0.8861280918121338,0.0004602968925610185,7612.6310546875,6002.1728515625
233,1536.8446126302083,1540.5233154296875,1514.431787109375,165,1536.8446126302083,0.20309067798985375,0.8841834730572171,-0.0001969696879516252,7567.692144097222,6025.739149305556,1540.5233154296875,0.2038410037755966,0.883758544921875,0.0001561856362968683,7557.52431640625,6002.369140625
234,1540.7178331163195,1543.5570068359375,1514.431787109375,165,1540.7178331163195,0.20384376909997728,0.8837275160683526,0.0002388173755510555,7558.541449652777,6025.036480034722,1543.5570068359375,0.20459000170230865,0.8834043145179749,-0.0010509772226214408,7545.2013671875,6018.4119140625
235,1543.513121202257,1543.444970703125,1514.431787109375,165,1543.513121202257,0.2044058256679111,0.8834055556191338,0.00011925185551970369,7551.556206597223,6004.038172743056,1543.444970703125,0.2045404404401779,0.8832842230796814,0.0010356964776292443,7545.94482421875,5994.44931640625
236,1538.5309407552083,1547.728466796875,1514.431787109375,165,1538.5309407552083,0.20341740018791624,0.8839685122172037,-0.0002287504664208326,7563.798263888889,6023.7998263888885,1547.728466796875,0.20513100028038025,0.8829413652420044,0.00011095043737441301,7546.34375,6053.291015625
237,1532.3807183159722,1540.7811279296875,1514.431787109375,165,1532.3807183159722,0.2022626966238022,0.8847153504689534,0.00012350122657759735,7576.519672309028,6044.4706814236115,1540.7811279296875,0.20391301214694976,0.883710789680481,-0.00029607259784825146,7556.08837890625,6061.27421875
238,1540.17822265625,1546.94375,1514.431787109375,165,1540.17822265625,0.20378643340534633,0.8837940216064453,0.00019039221863042459,7558.1871961805555,6027.5962890625,1546.94375,0.20501807928085328,0.882981824874878,-0.0003221019229386002,7545.4642578125,5987.8271484375
239,1537.9755696614584,1549.929150390625,1514.431787109375,165,1537.9755696614584,0.2033083571328057,0.8840507838461135,-0.0004266665886259741,7565.0409939236115,6011.510091145833,1549.929150390625,0.20572054982185364,0.8825543522834778,-1.6176762073882855e-05,7534.274609375,6008.4697265625
240,1540.1318413628471,1531.112109375,1514.431787109375,165,1540.1318413628471,0.20374425517188177,0.8838030682669745,-0.00013255134496527413,7559.418402777777,6032.859114583333,1531.112109375,0.2019481211900711,0.8849708557128906,0.0009198054554872215,7581.75537109375,6024.892578125
241,1536.543128797743,1527.984326171875,1514.431787109375,165,1536.543128797743,0.20306643214490677,0.884187216228909,-0.00013403046048349806,7567.1819444444445,6029.494227430556,1527.984326171875,0.20147374868392945,0.8853509545326232,-0.0006224999437108636,7584.676171875,5997.81435546875
242,1537.323019748264,1535.344921875,1514.431787109375,165,1537.323019748264,0.20322115785545772,0.8840904050403171,-0.00048502411033647755,7565.073046875,6023.375716145833,1535.344921875,0.20282363295555114,0.8843292236328125,0.0005101121962070466,7569.96064453125,6042.141015625
243,1538.85615234375,1530.724169921875,1514.431787109375,165,1538.85615234375,0.20348369975884756,0.8839452637566461,0.00014248519623328724,7563.097048611111,6031.7311414930555,1530.724169921875,0.2018933743238449,0.8850005626678467,-0.0014287872472777963,7582.015234375,5985.787109375
244,1543.9480414496527,1537.9636474609374,1514.431787109375,165,1543.9480414496527,0.2045300910870234,0.8833385441038344,-7.291150869200969e-05,7549.046158854167,6001.331966145834,1537.9636474609374,0.20330514311790465,0.8841171026229858,0.00027068264316767456,7564.88671875,6014.595703125
245,1545.7850992838542,1545.0236572265626,1514.431787109375,165,1545.7850992838542,0.20485621293385822,0.8831015917989943,7.827864687391816e-05,7545.915028211805,6009.019357638889,1545.0236572265626,0.20475177466869354,0.8831365585327149,0.0007055177324218675,7546.424609375,5960.5947265625
246,1542.9897867838542,1543.3369873046875,1514.431787109375,165,1542.9897867838542,0.20430654486020405,0.8834408283233642,-0.0001719948344948029,7552.624674479167,6003.593619791666,1543.3369873046875,0.20439953207969666,0.8834665179252624,0.00048505683371331544,7550.8728515625,6018.3720703125
247,1538.1587076822916,1539.626953125,1514.431787109375,165,1538.1587076822916,0.20335833662086064,0.8840108897950915,-4.2071317592571075e-05,7564.327864583333,6024.292469618055,1539.626953125,0.20356121957302092,0.8838210105895996,-0.0001127372495830059,7564.05400390625,6040.271484375
248,1540.442244466146,1536.8436279296875,1514.431787109375,165,1540.442244466146,0.20381774769888983,0.8837777376174927,-0.00037122390252382803,7558.240494791667,6032.908138020834,1536.8436279296875,0.2030724674463272,0.8842600345611572,-0.0009098179172724486,7568.081640625,5985.1240234375
249,1540.2670925564237,1545.3251953125,1514.431787109375,165,1540.2670925564237,0.2037801937924491,0.8837845590379503,-0.0001362429404657127,7558.7923828125,6009.835340711806,1545.3251953125,0.20468906164169312,0.883193039894104,3.8719421718269585e-05,7549.68720703125,6064.03125
250,1537.5111056857638,1542.3416015625,1514.431787109375,165,1537.5111056857638,0.20324967073069677,0.884087782435947,-0.0005951110491878353,7564.866927083333,6023.062912326389,1542.3416015625,0.2041597694158554,0.8834864616394043,0.00011029895395040513,7554.95078125,6068.3748046875
251,1537.153049045139,1540.54677734375,1514.431787109375,165,1537.153049045139,0.20317026178042094,0.8841658168368869,-4.7855131722624516e-06,7566.439583333334,6033.2872938368055,1540.54677734375,0.20381172001361847,0.8837709188461303,-6.889638025313616e-05,7558.6890625,6087.737890625
252,1540.4274576822916,1555.228076171875,1514.431787109375,165,1540.4274576822916,0.20380153722233244,0.8837816066212124,-0.000345529956959783,7558.817296006944,6028.150141059028,1555.228076171875,0.20676039755344391,0.8819975614547729,-0.0005085629498353228,7522.18857421875,5972.10625
253,1540.665066189236,1546.458056640625,1514.431787109375,165,1540.665066189236,0.20383052892155118,0.8837709652052985,-0.000370462198366618,7558.73017578125,6006.894259982639,1546.458056640625,0.20499029755592346,0.8830309867858886,-0.0008682723855599761,7544.10791015625,5991.21484375
254,1540.4504367404513,1535.982275390625,1514.431787109375,165,1540.4504367404513,0.20379524562093948,0.8837530798382229,-0.0001022259045081834,7559.163997395834,6017.40234375,1535.982275390625,0.20291774868965148,0.8842703342437744,-0.0006193412729771808,7569.7423828125,5994.9775390625
255,1540.468044704861,1543.221142578125,1514.431787109375,165,1540.468044704861,0.20380169418123034,0.8837650471263462,-1.0376505573124935e-05,7558.915256076389,6024.914908854166,1543.221142578125,0.20430491864681244,0.8834908246994019,0.0002544671791838482,7553.56064453125,6046.1416015625
256,1535.9821207682292,1538.2275390625,1514.431787109375,165,1535.9821207682292,0.20292570789655048,0.8842598345544603,-0.00023083781013863498,7569.348741319444,6038.257942708334,1538.2275390625,0.20341231524944306,0.8840930461883545,-0.00012205637758597732,7562.1310546875,6017.77333984375
257,1536.6824598524306,1545.304052734375,1514.431787109375,165,1536.6824598524306,0.20307964517010582,0.8842140422927008,3.689450063070076e-05,7567.074153645834,6030.320355902778,1545.304052734375,0.20470425188541413,0.883107602596283,4.810759564861655e-05,7549.151953125,6000.51884765625
258,1539.7084798177084,1533.179443359375,1514.431787109375,165,1539.7084798177084,0.20364451971318986,0.8838568660948012,-4.5368310465063485e-05,7561.1341796875,6019.828873697917,1533.179443359375,0.2023465543985367,0.8845918655395508,-0.0003976544365286827,7577.0697265625,6010.578125
259,1540.6665798611111,1539.2005615234375,1514.431787109375,165,1540.6665798611111,0.2038775987095303,0.8837568322817485,-0.00011487838572874252,7557.1142795138885,6016.828689236111,1539.2005615234375,0.20360717475414275,0.8840009927749634,0.0006871066871099174,7559.6623046875,6018.57529296875
260,1539.0391276041667,1522.552294921875,1514.431787109375,165,1539.0391276041667,0.2035122682650884,0.883909191025628,-7.464491872168663e-05,7562.672048611111,6020.087109375,1522.552294921875,0.2003221958875656,0.885947847366333,-0.00038691879017278553,7600.94287109375,6017.2955078125
261,1538.8892415364583,1531.41513671875,1514.431787109375,165,1538.8892415364583,0.20352930029233296,0.8839630921681721,-0.00018282249867398705,7561.275672743055,6030.631890190973,1531.41513671875,0.20197787880897522,0.8847875118255615,-0.0002053280477412045,7582.122265625,6024.399609375
262,1540.6279106987847,1534.760302734375,1514.431787109375,165,1540.6279106987847,0.20384469793902504,0.8837399297290378,-0.0003016906709389231,7558.066471354166,6010.652734375,1534.760302734375,0.20262302458286285,0.8843770503997803,-0.0007073130807839334,7574.6859375,6005.141015625
263,1540.653453233507,1537.916015625,1514.431787109375,165,1540.653453233507,0.2038685447639889,0.8836885372797648,-0.00034280883006027177,7557.478146701389,6022.254340277777,1537.916015625,0.20331140756607055,0.8840009927749634,0.0005094910273328423,7564.6984375,6019.46484375
264,1538.3042182074653,1558.0958984375,1514.431787109375,165,1538.3042182074653,0.2033751716216405,0.8840478976567586,-1.9756857849036654e-05,7564.404340277778,6032.272374131944,1558.0958984375,0.20719583630561828,0.8817169666290283,-0.0004661080194637179,7520.6794921875,5996.7486328125
265,1540.6580946180557,1538.420166015625,1514.431787109375,165,1540.6580946180557,0.20382421016693114,0.8837068107393052,-0.00046411386833319234,7559.035047743056,6007.6162326388885,1538.420166015625,0.20338325798511506,0.8840461254119873,-0.0005727021256461739,7564.212109375,5991.814453125
266,1537.2374728732639,1530.80634765625,1514.431787109375,165,1537.2374728732639,0.20317290557755363,0.884139617284139,6.206440949527961e-05,7566.42421875,6027.7053819444445,1530.80634765625,0.20188261568546295,0.8848204970359802,0.0006582927540875972,7583.054296875,6069.30732421875
267,1538.1123155381945,1533.065380859375,1514.431787109375,165,1538.1123155381945,0.2033504562245475,0.8840362774001227,-3.871665556087262e-05,7564.0657335069445,6031.3697265625,1533.065380859375,0.2025008648633957,0.8845886945724487,0.0003101993352174759,7570.8373046875,5998.6982421875
268,1535.4396321614583,1542.34697265625,1514.431787109375,165,1535.4396321614583,0.2028410663207372,0.88434370358785,-1.8796078155800287e-05,7570.194184027778,6039.476085069445,1542.34697265625,0.20411750674247742,0.8834301710128785,-0.0008049939235206694,7556.25322265625,6027.333203125
269,1538.3519422743057,1534.06171875,1514.431787109375,165,1538.3519422743057,0.20337600111961365,0.8840077029334175,-0.00025808745332243335,7564.3959743923615,6018.131662326389,1534.06171875,0.20262010395526886,0.8845344066619873,-0.0007398072390060406,7572.29521484375,6057.1689453125
270,1540.0870442708333,1543.1425537109376,1514.431787109375,165,1540.0870442708333,0.2037700914674335,0.8837949011060927,0.000124392994459615,7558.268142361111,6025.722808159722,1543.1425537109376,0.20430512726306915,0.8834584951400757,-0.0009959507267922163,7553.4166015625,6012.0349609375
271,1536.9941867404514,1544.781787109375,1514.431787109375,165,1536.9941867404514,0.2031567911307017,0.8841372728347778,-1.8150924814916733e-06,7565.905013020833,6029.642947048611,1544.781787109375,0.20455863773822786,0.8832361340522766,4.377670120447874e-06,7551.88125,5965.025390625
272,1543.4402940538193,1548.807568359375,1514.431787109375,165,1543.4402940538193,0.2043873558441798,0.8833878874778748,0.00010305452483913136,7551.737261284722,5999.2581163194445,1548.807568359375,0.20543863773345947,0.8827541589736938,0.0006381307961419225,7539.062890625,6009.6533203125
273,1540.6014214409722,1532.32783203125,1514.431787109375,165,1540.6014214409722,0.20384755631287893,0.8837139738930596,-0.00015933240938466043,7557.927788628473,6014.729915364584,1532.32783203125,0.20225279033184052,0.884681248664856,0.00021837467793375253,7576.54716796875,6022.1828125
274,1538.8005316840279,1542.9439208984375,1514.431787109375,165,1538.8005316840279,0.2034846733013789,0.8839467657936944,0.00017741451592883094,7562.453645833333,6032.555837673611,1542.9439208984375,0.2043030321598053,0.8835159063339233,-0.0007276411161001306,7553.2810546875,6052.25703125
275,1540.9095974392362,1534.5038330078125,1514.431787109375,165,1540.9095974392362,0.20390534864531623,0.8837077286508348,-7.277533635109042e-05,7557.210047743056,6020.691666666667,1534.5038330078125,0.20269997119903566,0.8844264507293701,0.0009420510148629546,7570.45859375,5982.6734375
276,1538.580810546875,1546.916064453125,1514.431787109375,165,1538.580810546875,0.20343163344595167,0.8839807073275249,8.756221052155726e-05,7563.680870225695,6016.067805989584,1546.916064453125,0.2049916535615921,0.8829648733139038,0.0006185849022585898,7546.3974609375,6051.20869140625
277,1539.768576388889,1534.17626953125,1514.431787109375,165,1539.768576388889,0.2036976608965132,0.8837932560178968,-0.00039666728633973335,7559.514322916667,6026.076410590278,1534.17626953125,0.20249053537845613,0.8845834016799927,-0.0010347274917876347,7576.5814453125,5983.9033203125
278,1541.514431423611,1550.46376953125,1514.431787109375,165,1541.514431423611,0.2040178504255083,0.8836388773388333,-0.0003332217181701304,7556.118543836806,6010.5169921875,1550.46376953125,0.20581618845462799,0.8826533198356629,-0.0006992537761107087,7533.3505859375,5959.830078125
279,1537.1409016927084,1528.78466796875,1514.431787109375,165,1537.1409016927084,0.2031691524717543,0.8841375297970242,0.00010116681838149412,7566.082964409722,6029.760167100694,1528.78466796875,0.20155129134654998,0.8850589275360108,0.0001382572423608508,7585.6482421875,5991.9158203125
280,1534.477783203125,1547.1649169921875,1514.431787109375,165,1534.477783203125,0.2026417917675442,0.8844665845235189,-7.096481132167456e-05,7572.758799913195,6039.7651584201385,1547.1649169921875,0.20510439574718475,0.8828504681587219,-0.001929280674085021,7543.5634765625,6058.8466796875
281,1542.349720594618,1539.8576416015626,1514.431787109375,165,1542.349720594618,0.20417200591829088,0.883548284901513,2.205257418002778e-05,7554.455143229166,6008.374500868055,1539.8576416015626,0.20371407270431519,0.8838253974914551,0.0015723630782304098,7558.96484375,6001.3328125
282,1543.5322726779514,1529.619189453125,1514.431787109375,165,1543.5322726779514,0.20441689491271972,0.8833741731113858,-0.0002538817924990629,7551.424370659723,6017.169032118056,1529.619189453125,0.20161421000957488,0.8850490570068359,3.496466088108719e-05,7587.46806640625,5977.87998046875
283,1539.1165418836806,1525.994091796875,1514.431787109375,165,1539.1165418836806,0.20354374415344662,0.8839702155854967,0.0006036678277370003,7561.941460503473,6006.928559027778,1525.994091796875,0.20100006461143494,0.8853883981704712,0.0006048216368071735,7592.32177734375,6105.9748046875
284,1541.4973225911458,1545.9146484375,1514.431787109375,165,1541.4973225911458,0.20401685039202372,0.8836194170845879,0.0003058088548035206,7556.290625,6016.506792534722,1545.9146484375,0.2047795683145523,0.8830828666687012,0.0005992879516270478,7549.32060546875,6046.48447265625
285,1538.4158474392361,1546.95146484375,1514.431787109375,165,1538.4158474392361,0.20342767039934795,0.88398640288247,-0.00026529341185879376,7562.7470486111115,6035.761328125,1546.95146484375,0.2050349861383438,0.8830135464668274,0.0006604981716009206,7544.890625,6009.15078125
286,1538.3844075520833,1539.103759765625,1514.431787109375,165,1538.3844075520833,0.20342501401901245,0.8840150700675117,2.4766926394982472e-06,7562.677604166666,6019.909776475694,1539.103759765625,0.2036139577627182,0.8840116739273072,-0.001038891336065717,7559.3361328125,6048.87265625
287,1539.1207275390625,1544.5595703125,1514.431787109375,165,1539.1207275390625,0.20351212951872083,0.8838999787966411,0.00016919171013998695,7563.218836805556,6023.099262152778,1544.5595703125,0.20466668903827667,0.8832884550094604,0.00025192382163368164,7546.7525390625,5957.11171875
288,1547.0476453993056,1547.23916015625,1514.431787109375,165,1547.0476453993056,0.20511311954922146,0.8829922980732388,0.00023823342763130818,7542.815559895834,5992.016276041667,1547.23916015625,0.20509206056594848,0.8829882860183715,-0.0007171524543537089,7544.1224609375,6049.8376953125
289,1538.022683376736,1551.5821044921875,1514.431787109375,165,1538.022683376736,0.20331498516930474,0.8840428855684068,-0.0003506851725332025,7564.953114149305,6034.316948784723,1551.5821044921875,0.20607156157493592,0.8823531866073608,-0.0005381607683375478,7529.928125,6011.0947265625
290,1539.4592664930556,1539.205126953125,1514.431787109375,165,1539.4592664930556,0.20361193418502807,0.8839192999733819,-0.0002874533780009693,7561.049739583334,6023.821831597223,1539.205126953125,0.20356433391571044,0.8838923931121826,0.0003232403920264915,7561.36201171875,6015.6943359375
291,1538.5938313802083,1545.972314453125,1514.431787109375,165,1538.5938313802083,0.20344537595907847,0.8839690102471246,-7.52623959366853e-05,7562.896028645833,6018.1697265625,1545.972314453125,0.20476626753807067,0.883160138130188,-0.00038016015314497055,7550.22890625,6081.204296875
292,1543.0432834201388,1537.738037109375,1514.431787109375,165,1543.0432834201388,0.20428225298722585,0.8834326333469815,-0.000512720847554091,7553.901974826389,6024.672569444445,1537.738037109375,0.203233739733696,0.8840402126312256,0.0007026832114206627,7566.7984375,5967.3203125
293,1537.5686360677084,1544.76728515625,1514.431787109375,165,1537.5686360677084,0.20323814551035563,0.8841205437978109,-0.00017296804599027383,7565.818880208333,6016.845855034722,1544.76728515625,0.20461681187152864,0.8831524610519409,0.00035849625419359654,7549.57451171875,6052.2021484375
294,1537.6824191623264,1541.6094482421875,1514.431787109375,165,1537.6824191623264,0.20325262745221456,0.8840824895434909,0.00014136180778021097,7565.785503472222,6034.123111979166,1541.6094482421875,0.20397936701774597,0.8835740685462952,-0.00024543953186366706,7558.0654296875,6042.23251953125
295,1542.98056640625,1541.992578125,1514.431787109375,165,1542.98056640625,0.20429895718892416,0.8834627310434977,0.0002581841159553733,7552.903656684028,6005.1615234375,1541.992578125,0.20413213074207306,0.8835943818092347,3.100906033068895e-05,7554.29091796875,5995.7955078125
296,1538.712291124132,1540.3962890625,1514.431787109375,165,1538.712291124132,0.20343944562806024,0.8839763601620992,-0.00034004908318618416,7563.833224826389,6028.254079861111,1540.3962890625,0.20382267236709595,0.8837844610214234,0.00022937521716812626,7558.244140625,6025.1748046875
297,1540.9530680338542,1533.24267578125,1514.431787109375,165,1540.9530680338542,0.20392500791284773,0.8837211343977186,0.00011344271543849674,7556.996050347222,6008.407855902778,1533.24267578125,0.20236844718456268,0.8845433235168457,0.0013089443324133753,7576.7951171875,6033.0978515625
298,1537.220564778646,1551.316796875,1514.431787109375,165,1537.220564778646,0.20316014289855958,0.884136274125841,-0.0002684718159596539,7566.8351453993055,6041.8271484375,1551.316796875,0.205986624956131,0.8824082136154174,-0.0011981555260717868,7531.15576171875,5974.2169921875
299,1537.441677517361,1546.6234619140625,1514.431787109375,165,1537.441677517361,0.20320373508665296,0.8841445684432984,0.0002107503684884351,7566.268684895834,6017.085828993056,1546.6234619140625,0.20502683222293855,0.8830598354339599,0.0006101235065216315,7543.9994140625,6067.7919921875
300,1540.432706705729,1540.042822265625,1514.431787109375,165,1540.432706705729,0.20379051234987047,0.8837488849957784,0.0003613783537326122,7559.2094509548615,6031.922677951389,1540.042822265625,0.2037299245595932,0.8838084459304809,-0.0006936613703146577,7559.46904296875,6046.960546875
